ID,SHIRT_N,AGE,ACTUAL AGE,HEIGHT,FOOT,SQUAD_RANKING,OPPONENT RANKING,M_WEEKDAY,M_MONTH,M_SEASON,YEAR,COMPETITION_N,ROUND_N,VENUE_N,STARTER,STRIKER,Penalty,Penalty_shooter,MINUTES,GOALS
PT-FW-CR39,7,19,39,187,1,9,18,7,6,2,2004,3,1,1,0,0,0,0,45,1
PT-FW-CR39,7,19,39,187,1,9,32,4,6,2,2004,3,1,2,0,0,0,0,13,0
PT-FW-CR39,7,19,39,187,1,9,5,1,6,2,2004,3,1,2,1,0,0,0,84,0
PT-FW-CR39,7,19,39,187,1,9,8,5,6,2,2004,3,3,1,1,0,0,0,120,0
PT-FW-CR39,7,19,39,187,1,9,6,4,6,2,2004,3,4,1,1,0,0,0,66,1
PT-FW-CR39,7,19,39,187,1,9,18,1,7,2,2004,3,5,1,1,0,0,0,90,0
PT-FW-CR39,7,20,39,187,1,9,65,7,9,3,2004,2,1,2,1,0,0,0,81,1
PT-FW-CR39,7,20,39,187,1,9,81,4,9,3,2004,2,1,1,1,0,0,0,90,1
PT-FW-CR39,7,20,39,187,1,9,142,7,10,3,2004,2,1,2,1,0,0,0,61,0
PT-FW-CR39,7,20,39,187,1,9,32,4,10,3,2004,2,1,1,1,0,0,0,84,2
PT-FW-CR39,7,20,39,187,1,9,155,4,11,3,2004,2,1,2,1,0,0,0,90,1
PT-FW-CR39,7,20,39,187,1,10,45,4,3,1,2005,2,1,2,1,0,0,0,90,0
PT-FW-CR39,7,20,39,187,1,10,45,7,6,2,2005,2,1,1,1,0,0,0,75,1
PT-FW-CR39,7,20,39,187,1,10,76,4,6,2,2005,2,1,2,1,0,0,0,87,1
PT-FW-CR39,7,21,39,187,1,10,150,7,9,3,2005,2,1,1,1,0,0,0,61,0
PT-FW-CR39,7,21,39,187,1,10,34,4,9,3,2005,2,1,2,1,0,0,0,90,0
PT-FW-CR39,7,21,39,187,1,10,122,7,10,3,2005,2,1,1,1,0,0,0,83,0
PT-FW-CR39,7,21,39,187,1,10,69,4,10,3,2005,2,1,1,1,0,0,0,45,0
PT-FW-CR39,7,21,39,187,1,8,55,1,6,2,2006,4,1,3,1,0,0,0,59,0
PT-FW-CR39,7,21,39,187,1,8,38,7,6,2,2006,4,1,3,1,0,1,1,90,1
PT-FW-CR39,7,21,39,187,1,8,7,1,6,2,2006,4,2,3,1,0,0,1,33,0
PT-FW-CR39,7,21,39,187,1,8,5,7,7,2,2006,4,3,3,1,0,0,1,120,0
PT-FW-CR39,7,21,39,187,1,8,4,4,7,2,2006,4,4,3,1,0,0,1,90,0
PT-FW-CR39,7,21,39,187,1,8,6,7,7,2,2006,4,4,3,1,0,0,1,90,0
PT-FW-CR39,7,22,39,187,1,8,52,4,9,3,2006,2,1,2,1,0,0,1,90,0
PT-FW-CR39,7,22,39,187,1,8,125,7,10,3,2006,2,1,1,1,0,0,1,72,2
PT-FW-CR39,7,22,39,187,1,8,24,4,10,3,2006,2,1,2,1,0,0,1,90,0
PT-FW-CR39,7,22,39,187,1,8,135,4,11,3,2006,2,1,1,1,0,0,1,55,1
PT-FW-CR39,7,22,39,187,1,8,49,7,3,1,2007,2,1,1,1,0,0,1,77,2
PT-FW-CR39,7,22,39,187,1,8,27,4,3,1,2007,2,1,2,1,0,0,1,90,0
PT-FW-CR39,7,23,39,187,1,8,93,4,8,2,2007,2,1,2,1,0,0,1,90,1
PT-FW-CR39,7,23,39,187,1,8,22,7,9,3,2007,2,1,1,1,0,0,1,90,1
PT-FW-CR39,7,23,39,187,1,8,27,4,9,3,2007,2,1,1,1,0,0,1,90,0
PT-FW-CR39,7,23,39,187,1,8,115,7,10,3,2007,2,1,2,1,0,0,1,90,0
PT-FW-CR39,7,23,39,187,1,8,112,4,10,3,2007,2,1,2,1,0,0,1,90,1
PT-FW-CR39,7,23,39,187,1,8,93,7,11,3,2007,2,1,1,1,0,0,1,90,0
PT-FW-CR39,7,23,39,187,1,8,36,4,11,3,2007,2,1,1,1,0,0,1,90,0
PT-FW-CR39,7,23,39,187,1,11,10,7,6,2,2008,3,1,1,1,0,0,1,90,0
PT-FW-CR39,7,23,39,187,1,11,11,4,6,2,2008,3,1,2,1,0,0,1,90,1
PT-FW-CR39,7,23,39,187,1,11,2,5,6,2,2008,3,3,1,1,0,0,1,90,0
PT-FW-CR39,7,24,39,187,1,11,32,7,10,3,2008,2,1,2,1,0,0,1,90,0
PT-FW-CR39,7,24,39,187,1,11,81,4,10,3,2008,2,1,1,1,0,0,1,90,0
PT-FW-CR39,7,24,39,187,1,5,42,7,3,1,2009,2,1,1,1,0,0,1,90,0
PT-FW-CR39,7,24,39,187,1,5,96,7,6,2,2009,2,1,2,1,0,0,1,90,0
PT-FW-CR39,7,25,39,187,1,5,28,7,9,3,2009,2,1,2,1,0,0,1,90,0
PT-FW-CR39,7,25,39,187,1,5,54,4,9,3,2009,2,1,2,1,0,0,1,90,0
PT-FW-CR39,7,25,39,187,1,5,54,7,10,3,2009,2,1,1,1,0,0,1,16,0
PT-FW-CR39,7,25,39,187,1,8,21,3,6,2,2010,4,1,3,1,0,0,1,90,0
PT-FW-CR39,7,25,39,187,1,8,108,2,6,2,2010,4,1,3,1,0,0,1,90,1
PT-FW-CR39,7,25,39,187,1,8,4,6,6,2,2010,4,1,3,1,0,0,1,90,0
PT-FW-CR39,7,25,39,187,1,8,1,3,6,2,2010,4,2,3,1,0,0,1,90,0
PT-FW-CR39,7,26,39,187,1,8,28,6,10,3,2010,2,1,1,1,0,0,1,90,1
PT-FW-CR39,7,26,39,187,1,8,112,3,10,3,2010,2,1,2,1,0,0,1,90,1
PT-FW-CR39,7,26,39,187,1,7,25,7,6,2,2011,2,1,1,1,0,0,1,90,0
PT-FW-CR39,7,27,39,187,1,7,127,6,9,3,2011,2,1,2,1,0,1,1,90,2
PT-FW-CR39,7,27,39,187,1,7,104,6,10,3,2011,2,1,1,1,0,0,1,90,0
PT-FW-CR39,7,27,39,187,1,7,11,3,10,3,2011,2,1,2,1,0,0,1,90,1
PT-FW-CR39,7,27,39,187,1,7,20,6,11,3,2011,2,1,2,1,0,0,1,90,0
PT-FW-CR39,7,27,39,187,1,7,20,3,11,3,2011,2,1,1,1,0,0,1,90,2
PT-FW-CR39,7,27,39,187,1,7,2,7,6,2,2012,3,1,2,1,0,0,1,90,0
PT-FW-CR39,7,27,39,187,1,7,23,4,6,2,2012,3,1,2,1,0,0,1,90,0
PT-FW-CR39,7,27,39,187,1,7,8,1,6,2,2012,3,1,1,1,0,0,1,90,2
PT-FW-CR39,7,27,39,187,1,7,29,5,6,2,2012,3,3,2,1,0,0,1,90,1
PT-FW-CR39,7,27,39,187,1,7,1,4,6,2,2012,3,4,1,1,0,0,1,120,0
PT-FW-CR39,7,28,39,187,1,7,148,6,9,3,2012,2,1,2,1,0,0,1,90,1
PT-FW-CR39,7,28,39,187,1,7,118,3,9,3,2012,2,1,1,1,0,0,1,90,0
PT-FW-CR39,7,28,39,187,1,7,9,6,10,3,2012,2,1,2,1,0,0,1,90,0
PT-FW-CR39,7,28,39,187,1,7,96,3,10,3,2012,2,1,1,1,0,0,1,90,0
PT-FW-CR39,7,28,39,187,1,5,63,6,3,1,2013,2,1,2,1,0,0,1,90,0
PT-FW-CR39,7,28,39,187,1,5,22,6,6,2,2013,2,1,1,1,0,0,1,90,0
PT-FW-CR39,7,29,39,187,1,5,89,6,9,3,2013,2,1,2,1,0,0,1,89,3
PT-FW-CR39,7,29,39,187,1,5,63,6,10,3,2013,2,1,1,1,0,0,1,90,0
PT-FW-CR39,7,29,39,187,1,5,27,6,11,3,2013,2,2,1,1,0,0,1,90,1
PT-FW-CR39,7,29,39,187,1,5,27,3,11,3,2013,2,2,2,1,0,0,1,90,3
PT-FW-CR39,7,29,39,187,1,7,42,4,3,1,2014,1,0,1,1,1,0,1,86,2
PT-FW-CR39,7,29,39,187,1,7,64,3,6,2,2014,1,0,2,1,0,0,1,64,0
PT-FW-CR39,7,29,39,187,1,7,1,2,6,2,2014,4,1,3,1,0,0,1,90,0
PT-FW-CR39,7,29,39,187,1,7,27,1,6,2,2014,4,1,3,1,0,0,1,90,0
PT-FW-CR39,7,29,39,187,1,7,37,5,6,2,2014,4,1,3,1,0,0,1,90,1
PT-FW-CR39,7,30,39,187,1,7,7,7,10,3,2014,1,0,2,1,1,0,1,75,0
PT-FW-CR39,7,30,39,187,1,7,30,3,10,3,2014,2,1,2,1,1,0,1,90,1
PT-FW-CR39,7,30,39,187,1,7,79,6,11,3,2014,2,1,1,1,0,0,1,90,1
PT-FW-CR39,7,30,39,187,1,7,2,3,11,3,2014,1,0,2,1,1,0,1,45,0
PT-FW-CR39,7,30,39,187,1,7,56,1,3,1,2015,2,1,1,1,1,0,1,90,0
PT-FW-CR39,7,31,39,187,1,7,25,6,9,3,2015,1,0,1,1,1,0,1,66,0
PT-FW-CR39,7,31,39,187,1,7,38,2,9,3,2015,2,1,2,1,1,0,1,90,0
PT-FW-CR39,7,31,39,187,1,7,42,5,10,3,2015,2,1,1,1,1,0,1,90,0
PT-FW-CR39,7,31,39,187,1,8,71,6,3,1,2016,1,0,1,1,0,0,1,90,0
PT-FW-CR39,7,31,39,187,1,8,5,3,3,1,2016,1,0,1,1,1,0,1,59,1
PT-FW-CR39,7,31,39,187,1,8,116,4,6,2,2016,1,0,1,1,1,0,1,45,2
PT-FW-CR39,7,31,39,187,1,8,21,3,6,2,2016,3,1,3,1,1,0,1,90,0
PT-FW-CR39,7,31,39,187,1,8,31,7,6,2,2016,3,1,3,1,1,0,1,90,0
PT-FW-CR39,7,31,39,187,1,8,26,4,6,2,2016,3,1,3,1,1,0,1,90,2
PT-FW-CR39,7,31,39,187,1,8,14,7,6,2,2016,3,2,3,1,1,0,1,120,0
PT-FW-CR39,7,31,39,187,1,8,15,5,6,2,2016,3,3,3,1,1,0,1,120,0
PT-FW-CR39,7,31,39,187,1,8,12,4,7,2,2016,3,4,3,1,0,0,1,90,1
PT-FW-CR39,7,31,39,187,1,8,7,1,7,2,2016,3,5,1,1,1,0,1,24,0
PT-FW-CR39,7,32,39,187,1,8,203,6,10,3,2016,2,1,1,1,1,0,1,90,4
PT-FW-CR39,7,32,39,187,1,8,83,2,10,3,2016,2,1,2,1,1,0,1,90,1
PT-FW-CR39,7,32,39,187,1,8,111,1,11,3,2016,2,1,1,1,0,1,1,90,2
PT-FW-CR39,7,32,39,187,1,3,53,7,3,1,2017,2,1,1,1,1,0,1,90,2
PT-FW-CR39,7,32,39,187,1,3,18,3,3,1,2017,1,0,1,1,1,0,1,57,1
PT-FW-CR39,7,32,39,187,1,3,132,6,6,2,2017,2,1,2,1,1,0,1,90,2
PT-FW-CR39,7,32,39,187,1,3,16,1,6,2,2017,0,1,3,1,1,0,1,90,0
PT-FW-CR39,7,32,39,187,1,3,64,4,6,2,2017,0,1,3,1,1,0,1,90,1
PT-FW-CR39,7,32,39,187,1,3,121,7,6,2,2017,0,1,3,1,1,1,1,66,1
PT-FW-CR39,7,32,39,187,1,3,10,4,6,2,2017,0,4,3,1,1,0,1,120,0
PT-FW-CR39,7,33,39,187,1,3,95,5,8,2,2017,2,1,1,1,1,1,1,90,3
PT-FW-CR39,7,33,39,187,1,3,53,1,9,3,2017,2,1,2,1,1,0,1,90,0
PT-FW-CR39,7,33,39,187,1,3,138,7,10,3,2017,2,1,2,0,0,0,1,45,1
PT-FW-CR39,7,33,39,187,1,3,8,3,10,3,2017,2,1,1,1,1,0,1,90,0
PT-FW-CR39,7,33,39,187,1,6,56,6,3,1,2018,1,0,1,1,1,0,1,90,2
PT-FW-CR39,7,33,39,187,1,6,14,2,3,1,2018,1,0,1,1,1,0,1,67,0
PT-FW-CR39,7,33,39,187,1,6,67,5,6,2,2018,1,0,1,1,1,0,1,73,0
PT-FW-CR39,7,33,39,187,1,6,9,6,6,2,2018,4,1,3,1,1,1,1,90,3
PT-FW-CR39,7,33,39,187,1,6,40,4,6,2,2018,4,1,3,1,1,0,1,90,1
PT-FW-CR39,7,33,39,187,1,6,29,2,6,2,2018,4,1,3,1,1,0,1,90,0
PT-FW-CR39,7,33,39,187,1,6,7,7,6,2,2018,4,2,3,1,1,0,1,90,0
PT-FW-CR39,7,34,39,187,1,7,24,6,3,1,2019,2,1,1,1,1,0,1,90,0
PT-FW-CR39,7,34,39,187,1,7,29,2,3,1,2019,2,1,1,1,1,0,1,29,0
PT-FW-CR39,7,34,39,187,1,7,12,4,6,2,2019,2,4,3,1,1,0,1,90,3
PT-FW-CR39,7,34,39,187,1,7,14,1,6,2,2019,2,5,3,1,1,0,1,90,0
PT-FW-CR39,7,35,39,187,1,7,29,7,9,3,2019,2,1,2,1,1,0,1,90,1
PT-FW-CR39,7,35,39,187,1,7,131,3,9,3,2019,2,1,2,1,1,1,1,78,4
PT-FW-CR39,7,35,39,187,1,7,98,6,10,3,2019,2,1,1,1,1,0,1,90,1
PT-FW-CR39,7,35,39,187,1,7,24,2,10,3,2019,2,1,2,1,1,1,1,90,1
PT-FW-CR39,7,35,39,187,1,7,131,5,11,3,2019,2,1,1,1,0,1,1,82,3
PT-FW-CR39,7,35,39,187,1,7,98,1,11,3,2019,2,1,2,1,0,0,1,90,1
PT-FW-CR39,7,36,39,187,1,5,20,3,9,3,2020,2,1,2,1,1,0,1,80,2
PT-FW-CR39,7,36,39,187,1,5,6,4,10,3,2020,1,0,1,1,1,0,1,72,0
PT-FW-CR39,7,36,39,187,1,5,2,1,10,3,2020,2,1,2,1,1,0,1,90,0
PT-FW-CR39,7,36,39,187,1,5,151,4,11,3,2020,1,0,1,0,0,0,1,45,1
PT-FW-CR39,7,36,39,187,1,5,2,7,11,3,2020,2,1,1,1,1,0,1,90,0
PT-FW-CR39,7,36,39,187,1,5,11,3,11,3,2020,2,1,2,1,1,0,1,90,0
PT-FW-CR39,7,36,39,187,1,8,120,4,3,1,2021,2,1,1,1,1,0,1,90,0
PT-FW-CR39,7,36,39,187,1,8,23,7,3,1,2021,2,1,2,1,1,0,1,90,0
PT-FW-CR39,7,36,39,187,1,8,93,3,3,1,2021,2,1,2,1,1,0,1,90,1
PT-FW-CR39,7,36,39,187,1,8,7,6,6,2,2021,1,0,2,1,1,0,1,90,0
PT-FW-CR39,7,36,39,187,1,8,78,4,6,2,2021,1,0,1,1,1,0,1,70,1
PT-FW-CR39,7,36,39,187,1,8,39,3,6,2,2021,3,1,3,1,1,1,1,90,2
PT-FW-CR39,7,36,39,187,1,8,12,7,6,2,2021,3,1,3,1,1,0,1,90,1
PT-FW-CR39,7,36,39,187,1,8,3,4,6,2,2021,3,1,3,1,1,2,1,90,2
PT-FW-CR39,7,36,39,187,1,8,1,1,6,2,2021,3,2,3,1,1,0,1,90,0
PT-FW-CR39,7,37,39,187,1,8,47,4,9,3,2021,2,1,1,1,1,0,1,90,2
PT-FW-CR39,7,37,39,187,1,8,48,7,10,3,2021,1,0,1,1,1,0,1,45,1
PT-FW-CR39,7,37,39,187,1,8,93,3,10,3,2021,2,1,1,1,1,2,1,90,3
PT-FW-CR39,7,37,39,187,1,8,47,5,11,3,2021,2,1,2,1,1,0,1,90,0
PT-FW-CR39,7,37,39,187,1,8,23,1,11,3,2021,2,1,1,1,1,0,1,90,0
PT-FW-CR39,7,37,39,187,1,9,44,5,3,1,2022,2,4,1,1,1,0,1,90,0
PT-FW-CR39,7,37,39,187,1,9,65,3,3,1,2022,2,5,1,1,1,0,1,90,0
PT-FW-CR39,7,37,39,187,1,9,10,5,6,2,2022,2,1,2,0,0,0,1,29,0
PT-FW-CR39,7,37,39,187,1,9,12,1,6,2,2022,2,1,1,1,1,0,1,90,2
PT-FW-CR39,7,37,39,187,1,9,38,5,6,2,2022,2,1,1,1,1,0,1,90,0
PT-FW-CR39,7,38,39,187,1,9,38,7,9,3,2022,2,1,2,1,1,0,1,90,0
PT-FW-CR39,7,38,39,187,1,9,10,3,9,3,2022,2,1,1,1,1,0,1,90,0
PT-FW-CR39,7,38,39,187,1,9,58,5,11,3,2022,4,1,3,1,1,1,1,87,1
PT-FW-CR39,7,38,39,187,1,9,16,2,11,3,2022,4,1,3,1,1,0,1,81,0
PT-FW-CR39,7,38,39,187,1,9,25,6,12,4,2022,4,1,3,1,1,0,1,64,0
PT-FW-CR39,7,38,39,187,1,9,12,3,12,4,2022,4,2,3,0,1,0,1,18,0
PT-FW-CR39,7,38,39,187,1,9,11,7,12,4,2022,4,3,3,0,1,0,1,40,0
PT-FW-CR39,7,38,39,187,1,7,203,5,3,1,2023,2,1,1,1,1,1,1,77,2
PT-FW-CR39,7,38,39,187,1,7,83,1,3,1,2023,2,1,2,1,1,0,1,63,2
PT-FW-CR39,7,38,39,187,1,7,69,7,6,2,2023,2,1,1,1,1,0,1,90,0
PT-FW-CR39,7,38,39,187,1,7,71,3,6,2,2023,2,1,2,1,1,0,1,90,1
PT-FW-CR39,7,39,39,187,1,7,45,6,9,3,2023,2,1,2,1,1,0,1,90,0
PT-FW-CR39,7,39,39,187,1,7,45,6,10,3,2023,2,1,1,1,1,1,1,90,2
PT-FW-CR39,7,39,39,187,1,7,69,2,10,3,2023,2,1,2,1,1,1,1,65,2
PT-FW-CR39,7,39,39,187,1,7,203,5,11,3,2023,2,1,2,1,0,0,1,66,1
PT-FW-CR39,7,39,39,187,1,7,71,1,11,3,2023,2,1,1,1,1,0,1,90,0
PT-FW-CR39,7,39,39,187,1,6,57,3,3,1,2024,1,0,2,1,1,0,1,90,0
IT-FW-MR25,19,24,25,186,1,9,3,5,3,1,2023,2,1,1,1,1,0,0,90,1
IT-FW-MR25,19,24,25,186,1,9,172,1,3,1,2023,2,1,2,1,1,0,0,65,1
IT-FW-MR25,19,24,25,186,1,9,6,1,6,2,2023,2,4,3,1,1,0,0,84,0
IT-FW-MR25,19,24,25,186,1,9,22,3,9,3,2023,2,1,1,0,0,0,0,19,0
IT-FW-MR25,19,25,25,186,1,9,54,5,3,1,2024,1,0,3,1,1,0,0,86,2
IT-FW-MR25,19,25,25,186,1,9,31,1,3,1,2024,1,0,3,0,0,0,0,15,0
ES-FW-AM31,19,22,31,189,1,9,99,7,11,3,2014,2,1,1,0,0,0,0,11,0
ES-FW-AM31,19,22,31,189,1,9,1,3,11,3,2014,1,0,1,1,1,0,0,90,0
ES-FW-AM31,19,22,31,189,1,3,29,6,3,1,2015,2,1,1,1,1,0,0,64,1
ES-FW-AM31,19,22,31,189,1,3,14,3,3,1,2015,1,0,2,0,0,0,0,29,0
ES-FW-AM31,19,23,31,189,1,3,67,1,6,2,2015,2,1,2,1,1,0,0,90,0
ES-FW-AM31,19,23,31,189,1,3,142,6,10,3,2015,2,1,1,1,1,0,0,32,0
ES-FW-AM31,19,23,31,189,1,10,16,5,3,1,2016,1,0,2,1,1,0,0,85,0
ES-FW-AM31,19,23,31,189,1,10,39,1,3,1,2016,1,0,2,0,0,0,0,12,0
ES-FW-AM31,19,24,31,189,1,10,37,4,6,2,2016,1,0,2,1,1,0,0,90,2
ES-FW-AM31,19,24,31,189,1,10,43,2,6,2,2016,3,1,3,1,1,0,0,61,0
ES-FW-AM31,19,24,31,189,1,10,24,6,6,2,2016,3,1,3,1,1,0,0,90,2
ES-FW-AM31,19,24,31,189,1,10,14,3,6,2,2016,3,1,3,1,1,0,0,66,1
ES-FW-AM31,19,24,31,189,1,10,16,2,6,2,2016,3,2,3,1,1,0,0,69,0
ES-FW-AM31,19,24,31,189,1,10,5,5,9,3,2016,1,0,2,1,1,0,0,26,0
ES-FW-AM31,19,24,31,189,1,10,189,2,9,3,2016,2,1,1,0,0,0,0,22,2
ES-FW-AM31,19,24,31,189,1,10,16,5,10,3,2016,2,1,2,0,0,0,0,24,0
ES-FW-AM31,19,24,31,189,1,10,162,7,11,3,2016,2,1,1,1,1,0,0,59,0
ES-FW-AM31,19,24,31,189,1,10,13,3,11,3,2016,1,0,2,0,0,0,0,27,0
ES-FW-AM31,19,24,31,189,1,6,9,3,3,1,2017,1,0,2,1,1,0,0,83,0
ES-FW-AM31,19,25,31,189,1,6,13,4,6,2,2017,1,0,1,0,0,0,0,35,1
ES-FW-AM31,19,25,31,189,1,6,14,7,9,3,2017,2,1,1,0,0,0,0,19,1
ES-FW-AM31,19,25,31,189,1,6,181,3,9,3,2017,2,1,2,1,1,0,0,90,2
ES-FW-AM31,19,25,31,189,1,6,26,7,11,3,2017,1,0,1,1,1,0,0,45,1
ES-FW-AM31,19,26,31,189,1,9,19,5,10,3,2018,1,0,2,1,1,0,0,90,0
ES-FW-AM31,19,26,31,189,1,9,5,2,10,3,2018,2,1,1,0,0,0,0,19,0
ES-FW-AM31,19,26,31,189,1,9,4,5,11,3,2018,2,1,2,0,0,0,0,27,0
ES-FW-AM31,19,26,31,189,1,9,34,1,11,3,2018,1,0,1,1,1,0,0,63,0
ES-FW-AM31,19,26,31,189,1,8,44,7,3,1,2019,2,1,1,1,1,0,0,88,0
ES-FW-AM31,19,26,31,189,1,8,184,3,3,1,2019,2,1,2,1,1,0,0,78,2
ES-FW-AM31,19,27,31,189,1,8,110,6,6,2,2019,2,1,2,1,1,0,0,90,0
ES-FW-AM31,19,27,31,189,1,8,17,2,6,2,2019,2,1,1,0,0,1,1,26,1
ES-FW-AM31,19,27,31,189,1,8,184,6,11,3,2019,2,1,1,1,1,0,1,65,1
ES-FW-AM31,19,27,31,189,1,8,37,2,11,3,2019,2,1,1,1,1,0,1,90,0
ES-FW-AM31,19,28,31,189,1,6,14,4,11,3,2020,1,0,2,1,1,0,1,60,0
ES-FW-AM31,19,28,31,189,1,6,16,7,11,3,2020,2,1,2,0,0,0,1,35,0
ES-FW-AM31,19,28,31,189,1,6,13,3,11,3,2020,2,1,1,1,1,0,1,72,1
ES-FW-AM31,19,28,31,189,1,7,55,5,3,1,2021,2,1,1,1,1,0,1,90,1
ES-FW-AM31,19,28,31,189,1,7,85,1,3,1,2021,2,1,2,1,1,0,1,90,0
ES-FW-AM31,19,28,31,189,1,7,111,4,3,1,2021,2,1,1,1,1,0,1,67,0
ES-FW-AM31,19,29,31,189,1,7,8,6,6,2,2021,1,0,1,1,1,0,1,90,0
ES-FW-AM31,19,29,31,189,1,7,18,2,6,2,2021,3,1,3,1,1,0,1,65,0
ES-FW-AM31,19,29,31,189,1,7,27,7,6,2,2021,3,1,3,1,1,0,1,86,1
ES-FW-AM31,19,29,31,189,1,7,42,4,6,2,2021,3,1,3,1,1,0,1,65,0
ES-FW-AM31,19,29,31,189,1,7,15,2,6,2,2021,3,2,3,1,1,0,1,120,1
ES-FW-AM31,19,29,31,189,1,7,13,6,7,2,2021,3,3,2,1,1,0,1,54,0
ES-FW-AM31,19,29,31,189,1,7,6,3,7,2,2021,3,4,2,0,0,0,1,59,1
ES-FW-AM31,19,29,31,189,1,7,18,5,9,3,2021,2,1,2,1,1,0,1,74,0
ES-FW-AM31,19,29,31,189,1,7,111,4,9,3,2021,2,1,2,1,1,0,1,71,0
ES-FW-AM31,19,29,31,189,1,7,55,5,11,3,2021,2,1,2,1,1,0,1,64,0
ES-FW-AM31,19,29,31,189,1,7,18,1,11,3,2021,2,1,1,0,0,0,1,32,1
ES-FW-AM31,19,29,31,189,1,10,66,7,3,1,2022,1,0,3,1,1,0,1,71,0
ES-FW-AM31,19,29,31,189,1,10,63,3,3,1,2022,1,0,3,1,1,1,1,57,2
ES-FW-AM31,19,30,31,189,1,10,9,5,6,2,2022,2,1,1,1,1,0,1,69,1
ES-FW-AM31,19,30,31,189,1,10,38,1,6,2,2022,2,1,2,0,0,0,1,30,0
ES-FW-AM31,19,30,31,189,1,10,12,5,6,2,2022,2,1,2,1,1,0,1,71,0
ES-FW-AM31,19,30,31,189,1,10,38,1,6,2,2022,2,1,1,1,1,0,1,58,0
ES-FW-AM31,19,30,31,189,1,10,9,3,9,3,2022,2,1,2,1,1,0,1,90,1
ES-FW-AM31,19,30,31,189,1,10,32,4,11,3,2022,4,1,3,0,1,0,1,34,1
ES-FW-AM31,19,30,31,189,1,10,14,1,11,3,2022,4,1,3,0,1,0,1,37,1
ES-FW-AM31,19,30,31,189,1,10,20,5,12,4,2022,4,1,3,1,1,0,1,56,1
ES-FW-AM31,19,30,31,189,1,10,11,3,12,4,2022,4,2,3,0,1,0,1,58,0
ES-FW-AM31,19,30,31,189,1,8,44,7,3,1,2023,2,1,1,1,1,0,1,80,0
ES-FW-AM31,19,31,31,189,1,8,9,5,6,2,2023,2,4,3,1,1,0,1,83,0
ES-FW-AM31,19,31,31,189,1,8,10,1,6,2,2023,2,5,3,1,1,0,1,65,0
ES-FW-AM31,19,31,31,189,1,8,77,6,9,3,2023,2,1,2,1,1,0,1,71,3
ES-FW-AM31,19,31,31,189,1,8,125,3,9,3,2023,2,1,1,1,1,0,1,45,0
ES-FW-AM31,19,31,31,189,1,8,36,5,10,3,2023,2,1,1,1,1,0,1,84,1
ES-FW-AM31,19,31,31,189,1,8,44,1,10,3,2023,2,1,2,1,1,0,1,88,0
ES-FW-AM31,19,31,31,189,1,8,77,1,11,3,2023,2,1,1,1,1,0,1,90,0
ES-FW-AM31,19,31,31,189,1,8,12,6,3,1,2024,1,0,3,0,0,0,1,30,0
ES-FW-AM31,19,31,31,189,1,8,5,3,3,1,2024,1,0,1,1,1,0,1,80,0
FR-FW-KM25,10,18,25,178,1,9,83,7,3,1,2017,2,1,2,0,0,0,0,13,0
FR-FW-KM25,10,18,25,178,1,9,6,3,3,1,2017,1,0,1,1,1,0,0,64,0
FR-FW-KM25,10,18,25,178,1,9,18,6,6,2,2017,2,1,2,0,0,0,0,15,0
FR-FW-KM25,10,18,25,178,1,9,15,3,6,2,2017,1,0,1,1,1,0,0,90,0
FR-FW-KM25,10,19,25,178,1,9,20,5,8,2,2017,2,1,1,0,0,0,0,15,1
FR-FW-KM25,10,19,25,178,1,9,83,1,9,3,2017,2,1,1,1,0,0,0,58,0
FR-FW-KM25,10,19,25,178,1,9,43,7,10,3,2017,2,1,2,1,1,0,0,84,0
FR-FW-KM25,10,19,25,178,1,9,92,3,10,3,2017,2,1,1,0,0,0,0,30,0
FR-FW-KM25,10,19,25,178,1,9,19,6,11,3,2017,1,0,1,1,0,0,0,83,0
FR-FW-KM25,10,19,25,178,1,9,1,3,11,3,2017,1,0,2,1,1,0,0,90,0
FR-FW-KM25,10,19,25,178,1,2,12,6,3,1,2018,1,0,1,1,0,0,0,65,0
FR-FW-KM25,10,19,25,178,1,2,48,3,3,1,2018,1,0,2,1,1,0,0,85,2
FR-FW-KM25,10,19,25,178,1,2,33,2,5,1,2018,1,0,1,1,1,0,0,76,0
FR-FW-KM25,10,19,25,178,1,2,18,6,6,2,2018,1,0,1,1,1,0,0,82,0
FR-FW-KM25,10,19,25,178,1,2,25,7,6,2,2018,1,0,1,1,1,0,0,87,1
FR-FW-KM25,10,20,25,178,1,2,41,7,6,2,2018,4,1,3,1,0,0,0,90,0
FR-FW-KM25,10,20,25,178,1,2,20,5,6,2,2018,4,1,3,1,0,0,0,74,1
FR-FW-KM25,10,20,25,178,1,2,10,3,6,2,2018,4,1,3,0,0,0,0,13,0
FR-FW-KM25,10,20,25,178,1,2,11,7,6,2,2018,4,2,3,1,0,0,0,88,2
FR-FW-KM25,10,20,25,178,1,2,7,6,7,2,2018,4,3,3,1,0,0,0,87,0
FR-FW-KM25,10,20,25,178,1,2,1,3,7,2,2018,4,4,3,1,0,0,0,90,0
FR-FW-KM25,10,20,25,178,1,2,4,1,7,2,2018,4,5,3,1,0,0,0,90,1
FR-FW-KM25,10,20,25,178,1,2,16,5,9,3,2018,2,1,2,1,0,0,0,90,0
FR-FW-KM25,10,20,25,178,1,2,14,1,9,3,2018,2,1,1,1,0,0,0,90,1
FR-FW-KM25,10,20,25,178,1,2,37,5,10,3,2018,1,0,1,0,0,1,1,31,1
FR-FW-KM25,10,20,25,178,1,2,16,3,10,3,2018,2,1,1,1,0,0,1,85,0
FR-FW-KM25,10,20,25,178,1,2,14,6,11,3,2018,2,1,2,1,0,0,1,90,0
FR-FW-KM25,10,20,25,178,1,2,7,3,11,3,2018,1,0,1,1,0,0,1,35,0
FR-FW-KM25,10,20,25,178,1,2,175,6,3,1,2019,2,1,2,1,0,0,1,90,1
FR-FW-KM25,10,20,25,178,1,2,39,2,3,1,2019,2,1,1,1,0,0,1,90,1
FR-FW-KM25,10,20,25,178,1,2,75,1,6,2,2019,1,0,1,1,1,0,1,45,0
FR-FW-KM25,10,20,25,178,1,2,29,7,6,2,2019,2,1,2,1,1,0,1,90,0
FR-FW-KM25,10,20,25,178,1,2,135,3,6,2,2019,2,1,2,1,0,0,1,90,1
FR-FW-KM25,10,21,25,178,1,2,175,5,11,3,2019,2,1,1,1,0,0,1,90,0
FR-FW-KM25,10,22,25,178,1,2,20,7,9,3,2020,2,1,2,1,1,0,1,76,1
FR-FW-KM25,10,22,25,178,1,2,24,4,10,3,2020,1,0,1,0,0,0,1,45,1
FR-FW-KM25,10,22,25,178,1,2,5,1,10,3,2020,2,1,1,1,1,0,1,83,0
FR-FW-KM25,10,22,25,178,1,2,11,4,10,3,2020,2,1,2,1,1,0,1,90,1
FR-FW-KM25,10,22,25,178,1,2,20,3,11,3,2020,2,1,1,0,0,0,1,34,0
FR-FW-KM25,10,22,25,178,1,3,25,4,3,1,2021,2,1,1,1,0,0,1,76,0
FR-FW-KM25,10,22,25,178,1,3,119,1,3,1,2021,2,1,2,0,0,0,1,32,0
FR-FW-KM25,10,22,25,178,1,3,61,4,3,1,2021,2,1,2,1,1,0,1,90,0
FR-FW-KM25,10,22,25,178,1,3,19,4,6,2,2021,1,0,1,1,1,0,1,72,1
FR-FW-KM25,10,22,25,178,1,3,71,3,6,2,2021,1,0,1,1,1,0,1,83,0
FR-FW-KM25,10,23,25,178,1,3,12,3,6,2,2021,3,1,3,1,0,0,1,90,0
FR-FW-KM25,10,23,25,178,1,3,39,7,6,2,2021,3,1,3,1,0,0,1,90,0
FR-FW-KM25,10,23,25,178,1,3,8,4,6,2,2021,3,1,3,1,0,0,1,90,0
FR-FW-KM25,10,23,25,178,1,3,13,2,6,2,2021,3,2,3,1,1,0,1,120,0
FR-FW-KM25,10,23,25,178,1,3,61,4,9,3,2021,2,1,1,1,1,0,1,89,0
FR-FW-KM25,10,23,25,178,1,3,1,5,10,3,2021,2,4,3,1,1,1,1,90,1
FR-FW-KM25,10,23,25,178,1,3,7,1,10,3,2021,2,5,3,1,1,0,1,90,1
FR-FW-KM25,10,23,25,178,1,3,119,7,11,3,2021,2,1,1,1,1,0,1,87,4
FR-FW-KM25,10,23,25,178,1,3,58,3,11,3,2021,2,1,2,1,1,0,1,90,1
FR-FW-KM25,10,23,25,178,1,3,67,3,3,1,2022,1,0,3,1,1,1,1,90,2
FR-FW-KM25,10,23,25,178,1,3,18,6,6,2,2022,2,1,1,1,1,0,1,45,0
FR-FW-KM25,10,23,25,178,1,3,34,6,6,2,2022,2,1,2,0,0,0,1,28,1
FR-FW-KM25,10,23,25,178,1,3,7,2,6,2,2022,2,1,1,1,1,0,1,90,0
FR-FW-KM25,10,24,25,178,1,3,34,5,9,3,2022,2,1,1,1,1,0,1,89,1
FR-FW-KM25,10,24,25,178,1,3,18,1,9,3,2022,2,1,2,1,1,0,1,90,0
FR-FW-KM25,10,24,25,178,1,3,27,3,11,3,2022,4,1,3,1,0,0,1,90,1
FR-FW-KM25,10,24,25,178,1,3,18,7,11,3,2022,4,1,3,1,0,0,1,90,2
FR-FW-KM25,10,24,25,178,1,3,30,4,11,3,2022,4,1,3,0,0,0,1,28,0
FR-FW-KM25,10,24,25,178,1,3,22,1,12,4,2022,4,2,3,1,0,0,1,90,2
FR-FW-KM25,10,24,25,178,1,3,5,7,12,4,2022,4,3,3,1,0,0,1,90,0
FR-FW-KM25,10,24,25,178,1,3,11,4,12,4,2022,4,4,3,1,0,0,1,90,0
FR-FW-KM25,10,24,25,178,1,3,2,1,12,4,2022,4,5,3,1,1,2,1,120,3
FR-FW-KM25,10,24,25,178,1,2,6,6,3,1,2023,2,1,1,1,0,0,1,90,2
FR-FW-KM25,10,24,25,178,1,2,60,2,3,1,2023,2,1,2,1,1,0,1,90,0
FR-FW-KM25,10,25,25,178,1,2,201,6,6,2,2023,2,1,2,1,1,1,1,90,1
FR-FW-KM25,10,25,25,178,1,2,47,2,6,2,2023,2,1,1,1,0,1,1,90,1
FR-FW-KM25,10,25,25,178,1,2,60,5,9,3,2023,2,1,1,1,0,0,1,90,0
FR-FW-KM25,10,25,25,178,1,2,6,6,10,3,2023,2,1,2,1,1,0,1,90,2
FR-FW-KM25,10,25,25,178,1,2,36,3,10,3,2023,1,0,1,1,0,1,1,86,1
FR-FW-KM25,10,25,25,178,1,2,201,7,11,3,2023,2,1,1,1,0,1,1,90,3
FR-FW-KM25,10,25,25,178,1,2,47,3,11,3,2023,2,1,2,0,0,0,1,27,0
FR-FW-KM25,10,25,25,178,1,2,16,7,3,1,2024,1,0,1,1,1,0,1,90,0
FR-FW-KM25,10,25,25,178,1,2,42,3,3,1,2024,1,0,1,1,1,0,1,90,0
NL-FW-MD30,10,20,30,176,1,9,43,3,10,3,2013,2,1,2,0,0,0,0,2,0
NL-FW-MD30,10,20,30,176,1,5,7,4,3,1,2014,1,0,2,0,0,0,0,19,0
NL-FW-MD30,10,20,30,176,1,5,26,7,5,1,2014,1,0,1,1,0,0,0,90,0
NL-FW-MD30,10,20,30,176,1,5,100,4,6,2,2014,4,1,3,0,0,0,0,46,1
NL-FW-MD30,10,20,30,176,1,5,14,2,6,2,2014,4,1,3,0,0,0,0,22,1
NL-FW-MD30,10,20,30,176,1,5,20,1,6,2,2014,4,2,3,0,0,0,0,35,0
NL-FW-MD30,10,20,30,176,1,5,16,7,7,2,2014,4,3,3,1,0,0,0,75,0
NL-FW-MD30,10,21,30,176,1,5,17,3,9,3,2014,2,1,2,1,1,0,0,90,0
NL-FW-MD30,10,21,30,176,1,5,20,4,11,3,2014,1,0,1,1,1,0,0,59,0
NL-FW-MD30,10,21,30,176,1,5,96,1,11,3,2014,2,1,1,0,0,0,0,22,0
NL-FW-MD30,10,21,30,176,1,14,21,7,3,1,2015,2,1,1,1,1,0,0,90,0
NL-FW-MD30,10,21,30,176,1,14,3,3,3,1,2015,1,0,1,1,1,0,0,84,0
NL-FW-MD30,10,21,30,176,1,14,32,6,6,2,2015,1,0,1,1,0,0,0,90,1
NL-FW-MD30,10,21,30,176,1,14,101,6,6,2,2015,2,1,2,1,1,0,0,86,0
NL-FW-MD30,10,22,30,176,1,14,36,5,9,3,2015,2,1,1,1,1,0,0,90,0
NL-FW-MD30,10,22,30,176,1,14,21,1,9,3,2015,2,1,2,1,0,0,0,90,0
NL-FW-MD30,10,22,30,176,1,14,129,7,10,3,2015,2,1,2,1,1,0,0,90,0
NL-FW-MD30,10,22,30,176,1,14,26,3,10,3,2015,2,1,1,1,1,0,0,90,0
NL-FW-MD30,10,22,30,176,1,22,7,6,3,1,2016,1,0,1,0,0,0,0,45,0
NL-FW-MD30,10,22,30,176,1,22,13,3,3,1,2016,1,0,2,1,1,0,0,90,0
NL-FW-MD30,10,22,30,176,1,22,23,6,5,1,2016,1,0,2,1,0,0,0,60,0
NL-FW-MD30,10,23,30,176,1,22,7,2,10,3,2016,2,1,1,0,0,0,0,75,0
NL-FW-MD30,10,23,30,176,1,22,5,4,11,3,2016,1,0,1,0,0,0,0,24,0
NL-FW-MD30,10,23,30,176,1,22,130,1,11,3,2016,2,1,2,0,0,0,0,45,2
NL-FW-MD30,10,23,30,176,1,20,14,3,3,1,2017,1,0,1,1,1,0,0,90,0
NL-FW-MD30,10,23,30,176,1,20,40,4,5,1,2017,1,0,2,1,1,0,0,73,0
NL-FW-MD30,10,23,30,176,1,20,61,1,6,2,2017,1,0,1,1,1,0,0,77,0
NL-FW-MD30,10,23,30,176,1,20,83,6,6,2,2017,2,1,1,1,1,0,0,65,0
NL-FW-MD30,10,24,30,176,1,20,92,7,10,3,2017,2,1,2,0,0,0,0,23,1
NL-FW-MD30,10,24,30,176,1,20,32,5,11,3,2017,1,0,2,1,1,0,0,90,1
NL-FW-MD30,10,24,30,176,1,20,41,3,11,3,2017,1,0,2,1,1,0,0,62,1
NL-FW-MD30,10,24,30,176,1,14,5,6,3,1,2018,1,0,1,1,1,0,0,90,0
NL-FW-MD30,10,24,30,176,1,14,6,2,3,1,2018,1,0,2,1,1,0,0,77,1
NL-FW-MD30,10,24,30,176,1,14,27,5,5,1,2018,1,0,2,1,1,0,0,90,0
NL-FW-MD30,10,24,30,176,1,14,18,2,6,2,2018,1,0,2,1,1,0,0,90,0
NL-FW-MD30,10,25,30,176,1,14,20,5,9,3,2018,1,0,1,1,1,0,0,90,2
NL-FW-MD30,10,25,30,176,1,14,2,1,9,3,2018,2,1,2,1,1,0,0,90,0
NL-FW-MD30,10,25,30,176,1,14,16,7,10,3,2018,2,1,1,1,1,0,0,90,1
NL-FW-MD30,10,25,30,176,1,14,1,3,10,3,2018,1,0,2,1,1,0,0,90,0
NL-FW-MD30,10,25,30,176,1,14,2,6,11,3,2018,2,1,1,1,1,0,0,90,1
NL-FW-MD30,10,25,30,176,1,14,16,2,11,3,2018,2,1,2,1,1,0,0,90,0
NL-FW-MD30,10,25,30,176,1,14,87,5,3,1,2019,2,1,1,1,1,1,1,90,2
NL-FW-MD30,10,25,30,176,1,14,15,1,3,1,2019,2,1,1,1,1,0,1,90,1
NL-FW-MD30,10,25,30,176,1,14,4,5,6,2,2019,2,4,3,1,1,0,1,120,0
NL-FW-MD30,10,25,30,176,1,14,7,1,6,2,2019,2,5,3,1,1,0,1,90,0
NL-FW-MD30,10,26,30,176,1,14,15,6,9,3,2019,2,1,2,1,1,0,1,90,0
NL-FW-MD30,10,26,30,176,1,14,103,2,9,3,2019,2,1,2,1,1,0,1,90,1
NL-FW-MD30,10,26,30,176,1,14,36,5,10,3,2019,2,1,1,1,1,0,1,90,2
NL-FW-MD30,10,26,30,176,1,14,103,3,11,3,2019,2,1,1,1,0,0,1,45,0
NL-FW-MD30,10,27,30,176,1,14,19,6,9,3,2020,2,1,1,1,1,0,1,90,0
NL-FW-MD30,10,27,30,176,1,14,10,2,9,3,2020,2,1,1,1,1,0,1,90,0
NL-FW-MD30,10,27,30,176,1,14,9,4,10,3,2020,1,0,1,1,1,0,1,90,0
NL-FW-MD30,10,27,30,176,1,14,10,4,10,3,2020,2,1,2,1,1,0,1,89,0
NL-FW-MD30,10,27,30,176,1,14,6,4,11,3,2020,1,0,1,1,1,0,1,78,0
NL-FW-MD30,10,27,30,176,1,14,55,1,11,3,2020,2,1,1,1,1,0,1,78,1
NL-FW-MD30,10,27,30,176,1,14,19,4,11,3,2020,2,1,2,1,1,1,1,90,1
NL-FW-MD30,10,27,30,176,1,10,37,4,3,1,2021,2,1,2,1,0,0,1,90,0
NL-FW-MD30,10,27,30,176,1,10,134,7,3,1,2021,2,1,1,1,1,0,1,89,0
NL-FW-MD30,10,27,30,176,1,10,203,3,3,1,2021,2,1,2,1,1,0,1,90,2
NL-FW-MD30,10,27,30,176,1,10,38,4,6,2,2021,1,0,1,1,1,0,1,90,2
NL-FW-MD30,10,27,30,176,1,10,85,1,6,2,2021,1,0,1,1,1,1,1,90,1
NL-FW-MD30,10,27,30,176,1,10,25,1,6,2,2021,3,1,3,1,1,0,1,89,0
NL-FW-MD30,10,27,30,176,1,10,31,5,6,2,2021,3,1,3,1,1,1,1,81,1
NL-FW-MD30,10,27,30,176,1,10,67,2,6,2,2021,3,1,3,1,1,0,1,65,1
NL-FW-MD30,10,27,30,176,1,10,32,1,6,2,2021,3,2,3,1,1,0,1,90,0
NL-FW-MD30,10,28,30,176,1,10,41,4,9,3,2021,2,1,2,1,1,0,1,90,0
NL-FW-MD30,10,28,30,176,1,10,72,7,9,3,2021,2,1,1,1,1,1,1,90,2
NL-FW-MD30,10,28,30,176,1,10,37,3,9,3,2021,2,1,1,1,1,1,1,90,3
NL-FW-MD30,10,28,30,176,1,10,134,6,10,3,2021,2,1,2,1,1,0,1,90,0
NL-FW-MD30,10,28,30,176,1,10,203,2,10,3,2021,2,1,1,1,1,1,1,90,2
NL-FW-MD30,10,28,30,176,1,10,72,7,11,3,2021,2,1,2,1,1,1,1,90,2
NL-FW-MD30,10,28,30,176,1,10,41,3,11,3,2021,2,1,1,1,1,0,1,90,1
NL-FW-MD30,10,28,30,176,1,6,18,7,3,1,2022,1,0,3,1,1,1,1,76,1
NL-FW-MD30,10,28,30,176,1,6,14,3,3,1,2022,1,0,3,1,1,0,1,90,0
NL-FW-MD30,10,28,30,176,1,6,4,6,6,2,2022,2,1,2,1,1,0,1,90,2
NL-FW-MD30,10,28,30,176,1,6,22,7,6,2,2022,2,1,1,1,1,0,1,90,0
NL-FW-MD30,10,28,30,176,1,6,28,3,6,2,2022,2,1,1,0,0,0,1,18,1
NL-FW-MD30,10,29,30,176,1,6,22,5,9,3,2022,2,1,2,1,1,0,1,51,0
NL-FW-MD30,10,29,30,176,1,6,19,2,11,3,2022,4,1,3,0,1,0,1,29,0
NL-FW-MD30,10,29,30,176,1,6,41,6,11,3,2022,4,1,3,0,1,0,1,45,0
NL-FW-MD30,10,29,30,176,1,6,60,3,11,3,2022,4,1,3,1,1,0,1,65,0
NL-FW-MD30,10,29,30,176,1,6,13,7,12,4,2022,4,2,3,1,1,0,1,81,1
NL-FW-MD30,10,29,30,176,1,6,2,6,12,4,2022,4,3,3,1,1,0,1,77,0
NL-FW-MD30,10,29,30,176,1,6,2,6,3,1,2023,2,1,2,1,1,0,1,90,0
NL-FW-MD30,10,29,30,176,1,6,201,2,3,1,2023,2,1,1,1,0,0,1,62,1
NL-FW-MD30,10,30,30,176,1,7,39,6,3,1,2024,1,0,1,1,1,0,1,76,0
NL-FW-MD30,10,30,30,176,1,7,16,3,3,1,2024,1,0,2,1,1,0,1,74,0
PL-FW-RL35,9,20,35,185,1,34,201,4,9,3,2008,2,1,2,0,0,0,0,33,1
PL-FW-RL35,9,20,35,185,1,34,11,7,10,3,2008,2,1,1,0,0,0,0,22,0
PL-FW-RL35,9,20,35,185,1,34,44,4,10,3,2008,2,1,2,0,0,0,0,2,0
PL-FW-RL35,9,21,35,185,1,58,40,7,3,1,2009,2,1,2,1,0,0,0,90,0
PL-FW-RL35,9,21,35,185,1,58,203,4,4,1,2009,2,1,1,1,0,0,0,65,1
PL-FW-RL35,9,21,35,185,1,58,40,7,9,3,2009,2,1,1,0,0,0,0,30,0
PL-FW-RL35,9,21,35,185,1,58,31,4,9,3,2009,2,1,2,0,0,0,0,30,0
PL-FW-RL35,9,21,35,185,1,58,25,7,10,3,2009,2,1,2,0,0,0,0,27,0
PL-FW-RL35,9,21,35,185,1,58,33,4,10,3,2009,2,1,1,0,0,0,0,23,0
PL-FW-RL35,9,24,35,185,1,55,11,6,6,2,2012,3,1,1,1,0,0,0,90,1
PL-FW-RL35,9,24,35,185,1,55,9,3,6,2,2012,3,1,1,1,0,0,0,90,0
PL-FW-RL35,9,24,35,185,1,55,29,7,6,2,2012,3,1,2,1,0,0,0,90,0
PL-FW-RL35,9,24,35,185,1,55,31,6,9,3,2012,2,1,2,1,0,0,0,89,0
PL-FW-RL35,9,24,35,185,1,55,128,3,9,3,2012,2,1,1,1,0,0,0,90,0
PL-FW-RL35,9,24,35,185,1,55,6,4,10,3,2012,2,1,1,1,0,0,0,90,0
PL-FW-RL35,9,25,35,185,1,76,18,6,3,1,2013,2,1,1,1,0,0,0,90,0
PL-FW-RL35,9,25,35,185,1,76,207,3,3,1,2013,2,1,1,1,0,2,1,90,2
PL-FW-RL35,9,25,35,185,1,76,96,6,6,2,2013,2,1,2,1,0,0,1,90,0
PL-FW-RL35,9,25,35,185,1,76,52,6,9,3,2013,2,1,1,1,0,0,1,90,1
PL-FW-RL35,9,25,35,185,1,76,18,6,10,3,2013,2,1,2,1,0,0,1,90,0
PL-FW-RL35,9,25,35,185,1,76,13,3,10,3,2013,2,1,2,1,0,0,1,90,0
PL-FW-RL35,9,26,35,185,1,41,205,1,9,3,2014,2,1,2,1,1,0,1,90,4
PL-FW-RL35,9,26,35,185,1,41,1,7,10,3,2014,2,1,1,1,1,0,1,90,0
PL-FW-RL35,9,26,35,185,1,41,36,3,10,3,2014,2,1,1,1,1,0,1,90,0
PL-FW-RL35,9,26,35,185,1,41,125,6,11,3,2014,2,1,2,1,1,0,1,90,0
PL-FW-RL35,9,26,35,185,1,41,12,3,11,3,2014,1,0,1,1,1,0,1,62,0
PL-FW-RL35,9,27,35,185,1,34,31,1,3,1,2015,2,1,2,1,1,0,1,90,0
PL-FW-RL35,9,27,35,185,1,34,122,7,6,2,2015,2,1,1,1,1,0,1,90,3
PL-FW-RL35,9,27,35,185,1,34,4,6,9,3,2015,2,1,2,1,1,0,1,90,1
PL-FW-RL35,9,27,35,185,1,34,205,2,9,3,2015,2,1,1,1,1,0,1,65,2
PL-FW-RL35,9,27,35,185,1,34,52,5,10,3,2015,2,1,2,1,1,0,1,90,2
PL-FW-RL35,9,27,35,185,1,34,31,1,10,3,2015,2,1,1,1,1,0,1,90,1
PL-FW-RL35,9,27,35,185,1,34,36,6,11,3,2015,1,0,1,1,0,0,1,89,2
PL-FW-RL35,9,28,35,185,1,15,44,4,3,1,2016,1,0,1,1,1,0,1,72,0
PL-FW-RL35,9,28,35,185,1,15,94,7,3,1,2016,1,0,1,0,0,0,1,28,0
PL-FW-RL35,9,28,35,185,1,15,22,4,6,2,2016,1,0,1,1,1,0,1,66,0
PL-FW-RL35,9,28,35,185,1,15,32,1,6,2,2016,3,1,3,1,1,0,1,90,0
PL-FW-RL35,9,28,35,185,1,15,3,5,6,2,2016,3,1,3,1,1,0,1,90,0
PL-FW-RL35,9,28,35,185,1,15,30,3,6,2,2016,3,1,3,1,1,0,1,90,0
PL-FW-RL35,9,28,35,185,1,15,11,7,6,2,2016,3,2,3,1,1,0,1,120,0
PL-FW-RL35,9,28,35,185,1,15,8,5,6,2,2016,3,3,3,1,1,0,1,120,1
PL-FW-RL35,9,28,35,185,1,15,98,1,9,3,2016,2,1,2,1,1,1,1,90,1
PL-FW-RL35,9,28,35,185,1,15,46,7,10,3,2016,2,1,1,1,1,1,1,90,3
PL-FW-RL35,9,28,35,185,1,15,86,3,10,3,2016,2,1,1,1,1,0,1,90,1
PL-FW-RL35,9,28,35,185,1,15,39,6,11,3,2016,2,1,2,1,1,1,1,90,2
PL-FW-RL35,9,29,35,185,1,7,46,1,3,1,2017,2,1,2,1,1,0,1,90,1
PL-FW-RL35,9,29,35,185,1,7,41,7,6,2,2017,2,1,1,1,1,2,1,90,3
PL-FW-RL35,9,29,35,185,1,7,12,6,9,3,2017,2,1,2,1,1,0,1,90,0
PL-FW-RL35,9,29,35,185,1,7,137,2,9,3,2017,2,1,1,1,1,1,1,90,1
PL-FW-RL35,9,29,35,185,1,7,90,5,10,3,2017,2,1,2,1,1,0,1,90,3
PL-FW-RL35,9,29,35,185,1,7,46,1,10,3,2017,2,1,1,1,1,0,1,90,1
PL-FW-RL35,9,30,35,185,1,20,44,6,3,1,2018,1,0,1,1,1,0,1,66,0
PL-FW-RL35,9,30,35,185,1,20,53,3,3,1,2018,1,0,1,1,1,0,1,45,1
PL-FW-RL35,9,30,35,185,1,20,13,6,6,2,2018,1,0,1,1,1,0,1,73,1
PL-FW-RL35,9,30,35,185,1,20,133,3,6,2,2018,1,0,1,1,1,0,1,45,2
PL-FW-RL35,9,30,35,185,1,20,23,3,6,2,2018,4,1,3,1,1,0,1,90,0
PL-FW-RL35,9,30,35,185,1,20,12,1,6,2,2018,4,1,3,1,1,0,1,90,0
PL-FW-RL35,9,30,35,185,1,20,50,5,6,2,2018,4,1,3,1,1,0,1,90,0
PL-FW-RL35,9,30,35,185,1,20,18,6,9,3,2018,2,1,2,1,1,0,1,90,0
PL-FW-RL35,9,30,35,185,1,20,6,5,10,3,2018,2,1,1,1,1,0,1,90,0
PL-FW-RL35,9,30,35,185,1,20,18,1,10,3,2018,2,1,1,1,1,0,1,90,0
PL-FW-RL35,9,30,35,185,1,20,42,5,11,3,2018,1,0,1,1,1,0,1,90,0
PL-FW-RL35,9,31,35,185,1,19,26,5,3,1,2019,2,1,2,1,1,0,1,90,0
PL-FW-RL35,9,31,35,185,1,19,137,1,3,1,2019,2,1,1,1,1,0,1,90,1
PL-FW-RL35,9,31,35,185,1,19,68,6,6,2,2019,2,1,2,1,1,0,1,90,0
PL-FW-RL35,9,31,35,185,1,19,93,2,6,2,2019,2,1,1,1,1,1,1,90,1
PL-FW-RL35,9,31,35,185,1,19,64,6,9,3,2019,2,1,2,1,1,0,1,90,0
PL-FW-RL35,9,31,35,185,1,19,26,2,9,3,2019,2,1,1,1,1,0,1,90,0
PL-FW-RL35,9,31,35,185,1,19,137,5,10,3,2019,2,1,2,1,1,0,1,90,3
PL-FW-RL35,9,31,35,185,1,19,68,1,10,3,2019,2,1,1,1,1,0,1,90,0
PL-FW-RL35,9,31,35,185,1,19,93,7,11,3,2019,2,1,2,0,0,0,1,28,0
PL-FW-RL35,9,31,35,185,1,19,64,3,11,3,2019,2,1,1,1,1,0,1,90,1
PL-FW-RL35,9,32,35,185,1,19,10,1,10,3,2020,2,1,1,1,1,0,1,81,0
PL-FW-RL35,9,32,35,185,1,19,55,4,10,3,2020,2,1,1,1,1,0,1,57,2
PL-FW-RL35,9,32,35,185,1,19,10,1,11,3,2020,2,1,2,1,1,0,1,90,0
PL-FW-RL35,9,32,35,185,1,19,14,4,11,3,2020,2,1,1,1,1,0,1,45,0
PL-FW-RL35,9,33,35,185,1,27,39,5,3,1,2021,2,1,2,1,1,0,1,90,1
PL-FW-RL35,9,33,35,185,1,27,155,1,3,1,2021,2,1,1,1,1,0,1,62,2
PL-FW-RL35,9,33,35,185,1,27,62,3,6,2,2021,1,0,1,1,1,0,1,80,0
PL-FW-RL35,9,33,35,185,1,27,42,2,6,2,2021,3,1,3,1,1,0,1,90,0
PL-FW-RL35,9,33,35,185,1,27,7,7,6,2,2021,3,1,3,1,1,0,1,90,1
PL-FW-RL35,9,33,35,185,1,27,18,4,6,2,2021,3,1,3,1,1,0,1,90,2
PL-FW-RL35,9,33,35,185,1,27,66,5,9,3,2021,2,1,1,1,1,0,1,90,1
PL-FW-RL35,9,33,35,185,1,27,210,1,9,3,2021,2,1,2,1,1,0,1,45,2
PL-FW-RL35,9,33,35,185,1,27,4,4,9,3,2021,2,1,1,1,1,0,1,90,0
PL-FW-RL35,9,33,35,185,1,27,210,7,10,3,2021,2,1,1,1,1,0,1,65,0
PL-FW-RL35,9,33,35,185,1,27,66,3,10,3,2021,2,1,2,1,1,0,1,90,0
PL-FW-RL35,9,33,35,185,1,27,155,6,11,3,2021,2,1,2,1,1,0,1,90,2
PL-FW-RL35,9,34,35,185,1,22,23,3,3,1,2022,2,5,1,1,1,1,1,90,1
PL-FW-RL35,9,34,35,185,1,22,28,4,6,2,2022,2,1,1,1,1,0,1,90,0
PL-FW-RL35,9,34,35,185,1,22,4,4,6,2,2022,2,1,2,1,1,0,1,68,1
PL-FW-RL35,9,34,35,185,1,22,4,3,6,2,2022,2,1,1,1,1,0,1,90,0
PL-FW-RL35,9,34,35,185,1,22,6,5,9,3,2022,2,1,1,1,1,0,1,90,0
PL-FW-RL35,9,34,35,185,1,22,28,1,9,3,2022,2,1,2,1,1,0,1,90,0
PL-FW-RL35,9,34,35,185,1,22,15,3,11,3,2022,4,1,3,1,1,0,1,90,0
PL-FW-RL35,9,34,35,185,1,22,49,7,11,3,2022,4,1,3,1,1,0,1,90,1
PL-FW-RL35,9,34,35,185,1,22,2,4,11,3,2022,4,1,3,1,1,0,1,90,0
PL-FW-RL35,9,34,35,185,1,22,3,1,12,4,2022,4,2,3,1,1,1,1,90,1
PL-FW-RL35,9,35,35,185,1,31,39,6,3,1,2023,2,1,2,1,1,0,1,90,0
PL-FW-RL35,9,35,35,185,1,31,62,2,3,1,2023,2,1,1,1,1,0,1,90,0
PL-FW-RL35,9,35,35,185,1,31,16,6,6,2,2023,1,0,1,1,1,0,1,45,0
PL-FW-RL35,9,35,35,185,1,31,155,3,6,2,2023,2,1,2,1,1,0,1,90,1
PL-FW-RL35,9,35,35,185,1,31,135,5,9,3,2023,2,1,1,1,1,1,1,90,2
PL-FW-RL35,9,35,35,185,1,31,62,1,9,3,2023,2,1,2,1,1,0,1,90,0
PL-FW-RL35,9,35,35,185,1,31,39,6,11,3,2023,2,1,1,1,1,0,1,90,0
PL-FW-RL35,9,35,35,185,1,31,137,3,11,3,2023,1,0,1,1,1,0,1,60,1
PL-FW-RL35,9,36,35,185,1,28,123,5,3,1,2024,2,4,1,1,1,0,1,90,0
PL-FW-RL35,9,36,35,185,1,28,29,3,3,1,2024,2,5,2,1,1,0,1,120,0
CZ-FW-AH21,16,18,21,180,1,42,33,6,9,3,2020,2,1,2,1,1,0,0,71,0
CZ-FW-AH21,16,18,21,180,1,42,100,4,10,3,2020,1,0,2,0,0,0,0,29,0
CZ-FW-AH21,16,19,21,180,1,32,66,3,6,2,2021,1,0,1,0,0,0,0,27,0
CZ-FW-AH21,16,19,21,180,1,32,38,2,6,2,2021,3,1,3,0,0,0,0,19,0
CZ-FW-AH21,16,19,21,180,1,32,15,6,6,2,2021,3,1,3,0,0,0,0,28,0
CZ-FW-AH21,16,19,21,180,1,32,4,3,6,2,2021,3,1,3,0,0,0,0,27,0
CZ-FW-AH21,16,19,21,180,1,32,10,1,6,2,2021,3,2,3,0,0,0,0,6,0
CZ-FW-AH21,16,19,21,180,1,32,94,5,9,3,2021,2,1,1,1,0,0,0,77,0
CZ-FW-AH21,16,19,21,180,1,32,1,1,9,3,2021,2,1,2,1,0,0,0,76,0
CZ-FW-AH21,16,19,21,180,1,32,25,4,9,3,2021,1,0,1,0,0,0,0,45,0
CZ-FW-AH21,16,19,21,180,1,32,19,6,10,3,2021,2,1,1,1,0,0,0,89,0
CZ-FW-AH21,16,19,21,180,1,32,94,2,10,3,2021,2,1,2,1,0,0,0,87,1
CZ-FW-AH21,16,20,21,180,1,38,23,5,3,1,2022,2,4,2,1,0,0,0,120,0
CZ-FW-AH21,16,20,21,180,1,38,28,3,3,1,2022,1,0,3,0,0,0,0,10,0
CZ-FW-AH21,16,20,21,180,1,38,12,5,6,2,2022,2,1,1,1,1,0,0,86,0
CZ-FW-AH21,16,20,21,180,1,38,10,1,6,2,2022,2,1,1,0,0,0,0,32,0
CZ-FW-AH21,16,20,21,180,1,38,9,5,6,2,2022,2,1,2,1,1,0,0,72,0
CZ-FW-AH21,16,20,21,180,1,38,10,1,6,2,2022,2,1,2,0,0,0,0,32,0
CZ-FW-AH21,16,20,21,180,1,38,9,7,9,3,2022,2,1,1,1,1,0,0,62,0
CZ-FW-AH21,16,21,21,180,1,39,31,6,3,1,2023,2,1,1,1,1,0,0,88,0
CZ-FW-AH21,16,21,21,180,1,39,155,2,3,1,2023,2,1,2,1,1,0,0,82,0
CZ-FW-AH21,16,21,21,180,1,39,135,7,6,2,2023,2,1,2,1,0,0,0,68,0
CZ-FW-AH21,16,21,21,180,1,39,70,3,6,2,2023,1,0,2,0,0,0,0,21,1
CZ-FW-AH21,16,21,21,180,1,39,62,5,9,3,2023,2,1,1,0,0,0,0,20,0
CZ-FW-AH21,16,21,21,180,1,39,27,1,9,3,2023,1,0,2,1,1,0,0,82,0
CZ-FW-AH21,16,21,21,180,1,39,62,5,10,3,2023,2,1,2,0,0,0,0,27,0
CZ-FW-AH21,16,21,21,180,1,39,135,1,10,3,2023,2,1,1,1,0,0,0,90,0
CZ-FW-AH21,16,21,21,180,1,39,31,6,11,3,2023,2,1,2,0,0,0,0,45,0
CZ-FW-AH21,16,21,21,180,1,39,155,2,11,3,2023,2,1,1,1,1,0,0,57,0
CZ-FW-AH21,16,22,21,180,1,36,47,6,3,1,2024,1,0,2,0,0,0,0,30,0
CZ-FW-AH21,16,22,21,180,1,36,95,3,3,1,2024,1,0,1,1,1,0,0,63,0
SCT-FW-CA27,9,25,27,175,1,38,31,5,3,1,2021,2,1,1,0,0,0,0,25,0
SCT-FW-CA27,9,25,27,175,1,38,78,1,3,1,2021,2,1,2,1,1,0,0,74,0
SCT-FW-CA27,9,25,27,175,1,38,123,4,3,1,2021,2,1,1,1,1,0,0,72,1
SCT-FW-CA27,9,25,27,175,1,38,93,1,6,2,2021,1,0,2,1,1,0,0,90,1
SCT-FW-CA27,9,25,27,175,1,38,32,2,6,2,2021,3,1,3,0,1,0,0,45,0
SCT-FW-CA27,9,25,27,175,1,38,4,6,6,2,2021,3,1,3,1,1,0,0,85,0
SCT-FW-CA27,9,25,27,175,1,38,15,3,6,2,2021,3,1,3,1,1,0,0,83,0
SCT-FW-CA27,9,25,27,175,1,38,9,4,9,3,2021,2,1,2,1,1,0,0,70,0
SCT-FW-CA27,9,25,27,175,1,38,181,7,9,3,2021,2,1,1,0,0,0,0,26,0
SCT-FW-CA27,9,25,27,175,1,38,31,3,9,3,2021,2,1,2,1,1,0,0,87,0
SCT-FW-CA27,9,25,27,175,1,38,78,7,10,3,2021,2,1,1,1,1,0,0,66,0
SCT-FW-CA27,9,25,27,175,1,38,181,6,11,3,2021,2,1,2,1,1,0,0,84,1
SCT-FW-CA27,9,25,27,175,1,38,9,2,11,3,2021,2,1,1,1,1,0,0,90,1
SCT-FW-CA27,9,26,27,175,1,42,22,5,3,1,2022,1,0,3,1,1,0,0,89,0
SCT-FW-CA27,9,26,27,175,1,42,34,3,3,1,2022,1,0,3,1,1,0,0,65,0
SCT-FW-CA27,9,26,27,175,1,42,26,4,6,2,2022,2,4,1,1,1,0,0,90,0
SCT-FW-CA27,9,26,27,175,1,42,95,4,6,2,2022,2,1,1,1,1,0,0,86,0
SCT-FW-CA27,9,26,27,175,1,42,48,7,6,2,2022,2,1,2,1,1,0,0,57,0
SCT-FW-CA27,9,26,27,175,1,42,95,3,6,2,2022,2,1,2,1,1,0,0,73,1
SCT-FW-CA27,9,26,27,175,1,42,26,4,9,3,2022,2,1,1,1,1,0,0,75,0
SCT-FW-CA27,9,26,27,175,1,42,48,7,9,3,2022,2,1,1,0,0,0,0,6,0
SCT-FW-CA27,9,26,27,175,1,42,26,3,9,3,2022,2,1,2,1,1,0,0,78,0
SCT-FW-CA27,9,27,27,175,1,36,125,7,3,1,2023,2,1,1,1,1,0,0,57,0
SCT-FW-CA27,9,27,27,175,1,36,125,6,9,3,2023,2,1,2,1,1,0,0,66,0
SCT-FW-CA27,9,27,27,175,1,36,3,3,9,3,2023,1,0,1,1,1,0,0,58,0
SCT-FW-CA27,9,27,27,175,1,36,8,5,10,3,2023,2,1,2,0,0,0,0,12,0
SCT-FW-CA27,9,27,27,175,1,36,2,3,10,3,2023,1,0,2,1,1,0,0,63,0
SCT-FW-CA27,9,28,27,175,1,39,7,6,3,1,2024,1,0,2,0,0,0,0,23,0
SCT-FW-CA27,9,28,27,175,1,39,73,3,3,1,2024,1,0,1,0,0,0,0,21,0
DK-FW-KD26,16,19,26,186,1,46,98,6,11,3,2016,2,1,1,0,0,0,0,9,0
DK-FW-KD26,16,20,26,186,1,12,1,3,6,2,2017,1,0,1,0,0,0,0,15,0
DK-FW-KD26,16,20,26,186,1,12,137,7,6,2,2017,2,1,2,0,0,0,0,23,1
DK-FW-KD26,16,20,26,186,1,12,41,1,10,3,2017,2,1,1,0,0,0,0,21,0
DK-FW-KD26,16,21,26,186,1,10,14,7,6,2,2018,1,0,2,0,0,0,0,18,0
DK-FW-KD26,16,21,26,186,1,10,17,7,6,2,2018,1,0,1,0,0,0,0,45,0
DK-FW-KD26,16,21,26,186,1,10,2,3,6,2,2018,4,1,3,0,1,0,0,16,0
DK-FW-KD26,16,21,26,186,1,10,33,7,10,3,2018,2,1,2,1,1,0,0,78,0
DK-FW-KD26,16,21,26,186,1,10,22,3,10,3,2018,1,0,1,1,1,0,0,45,0
DK-FW-KD26,16,21,26,186,1,10,19,6,11,3,2018,2,1,2,0,0,0,0,21,0
DK-FW-KD26,16,21,26,186,1,16,115,5,3,1,2019,1,0,2,0,0,0,0,31,0
DK-FW-KD26,16,22,26,186,1,16,34,6,6,2,2019,2,1,1,0,0,0,0,26,0
DK-FW-KD26,16,22,26,186,1,16,91,2,6,2,2019,2,1,1,1,1,0,0,90,2
DK-FW-KD26,16,22,26,186,1,16,91,1,9,3,2019,2,1,2,1,1,0,0,66,0
DK-FW-KD26,16,22,26,186,1,16,98,3,10,3,2019,1,0,1,1,1,0,0,60,2
DK-FW-KD26,16,22,26,186,1,16,196,6,11,3,2019,2,1,1,0,0,0,0,36,0
DK-FW-KD26,16,22,26,186,1,16,34,2,11,3,2019,2,1,2,0,0,0,0,58,0
DK-FW-KD26,16,23,26,186,1,12,1,7,9,3,2020,2,1,1,1,1,0,0,82,0
DK-FW-KD26,16,23,26,186,1,12,4,3,9,3,2020,2,1,1,1,1,0,0,75,0
DK-FW-KD26,16,23,26,186,1,12,46,1,10,3,2020,2,1,2,1,1,0,0,78,0
DK-FW-KD26,16,23,26,186,1,12,4,4,10,3,2020,2,1,2,1,1,0,0,36,0
DK-FW-KD26,16,23,26,186,1,12,20,4,11,3,2020,1,0,1,1,1,0,0,45,0
DK-FW-KD26,16,23,26,186,1,9,181,1,3,1,2021,2,1,1,1,1,1,1,90,2
DK-FW-KD26,16,23,26,186,1,9,31,4,3,1,2021,2,1,2,0,0,0,1,14,0
DK-FW-KD26,16,24,26,186,1,9,12,4,6,2,2021,1,0,2,0,0,0,1,45,0
DK-FW-KD26,16,24,26,186,1,9,61,1,6,2,2021,1,0,1,1,1,0,1,45,0
DK-FW-KD26,16,24,26,186,1,9,34,2,6,2,2021,3,1,3,0,1,0,1,31,0
DK-FW-KD26,16,24,26,186,1,9,19,7,6,2,2021,3,2,3,1,1,0,1,69,2
DK-FW-KD26,16,24,26,186,1,9,32,7,7,2,2021,3,3,2,1,1,0,1,58,1
DK-FW-KD26,16,24,26,186,1,9,4,4,7,2,2021,3,4,2,1,1,0,1,66,0
DK-FW-KD26,16,24,26,186,1,9,181,7,10,3,2021,2,1,2,0,0,0,1,45,0
DK-FW-KD26,16,24,26,186,1,9,31,3,10,3,2021,2,1,1,0,0,0,1,47,0
DK-FW-KD26,16,24,26,186,1,18,6,7,3,1,2022,1,0,3,0,0,0,1,33,0
DK-FW-KD26,16,24,26,186,1,18,29,3,3,1,2022,1,0,3,1,1,0,1,55,0
DK-FW-KD26,16,25,26,186,1,18,3,6,6,2,2022,2,1,2,1,1,0,1,58,0
DK-FW-KD26,16,25,26,186,1,18,7,5,9,3,2022,2,1,2,0,0,0,1,2,0
DK-FW-KD26,16,25,26,186,1,18,3,1,9,3,2022,2,1,1,1,1,0,1,58,1
DK-FW-KD26,16,25,26,186,1,18,30,3,11,3,2022,4,1,3,1,1,0,1,64,0
DK-FW-KD26,16,25,26,186,1,18,3,7,11,3,2022,4,1,3,0,1,0,1,18,0
DK-FW-KD26,16,25,26,186,1,18,27,4,11,3,2022,4,1,3,0,1,0,1,32,0
DK-FW-KD26,16,26,26,186,1,19,100,7,10,3,2023,2,1,1,1,0,0,1,68,0
DK-FW-KD26,16,26,26,186,1,19,54,6,11,3,2023,2,1,1,0,0,0,1,5,0
DK-FW-KD26,16,26,26,186,1,19,72,2,11,3,2023,2,1,2,1,1,0,1,90,0
DK-FW-KD26,16,26,26,186,1,21,19,7,3,1,2024,1,0,1,0,0,0,1,7,0
DK-FW-KD26,16,26,26,186,1,21,133,3,3,1,2024,1,0,1,1,1,0,1,75,0
PT-FW-GR22,9,23,22,184,1,9,35,5,11,3,2022,1,0,3,0,0,0,0,24,1
PT-FW-GR22,9,23,22,184,1,9,58,5,11,3,2022,4,1,3,0,1,0,0,3,0
PT-FW-GR22,9,23,22,184,1,9,16,2,11,3,2022,4,1,3,0,1,0,0,9,0
PT-FW-GR22,9,23,22,184,1,9,12,3,12,4,2022,4,2,3,1,1,0,0,72,3
PT-FW-GR22,9,23,22,184,1,9,11,7,12,4,2022,4,3,3,1,0,0,0,68,0
PT-FW-GR22,9,23,22,184,1,7,203,5,3,1,2023,2,1,1,0,0,0,0,13,0
PT-FW-GR22,9,23,22,184,1,7,83,1,3,1,2023,2,1,2,0,0,0,0,27,0
PT-FW-GR22,9,23,22,184,1,7,83,2,9,3,2023,2,1,1,1,1,0,0,60,2
PT-FW-GR22,9,23,22,184,1,7,45,6,10,3,2023,2,1,1,1,1,0,0,86,1
PT-FW-GR22,9,23,22,184,1,7,203,5,11,3,2023,2,1,2,1,1,0,0,90,0
PT-FW-GR22,9,23,22,184,1,6,27,5,3,1,2024,1,0,1,1,1,0,0,62,1
DE-FW-NF31,11,31,31,188,1,14,75,4,11,3,2022,1,0,3,0,0,0,0,45,1
DE-FW-NF31,11,31,31,188,1,14,20,4,11,3,2022,4,1,3,0,1,0,0,12,0
DE-FW-NF31,11,31,31,188,1,14,10,1,11,3,2022,4,1,3,0,1,0,0,21,1
DE-FW-NF31,11,31,31,188,1,14,32,5,12,4,2022,4,1,3,0,1,0,0,36,1
DE-FW-NF31,11,31,31,188,1,16,35,7,3,1,2023,1,0,1,1,1,0,0,74,2
DE-FW-NF31,11,31,31,188,1,16,4,3,3,1,2023,1,0,1,1,1,1,1,79,1
DE-FW-NF31,11,31,31,188,1,16,22,2,6,2,2023,1,0,1,1,1,0,1,45,1
DE-FW-NF31,11,31,31,188,1,16,31,6,6,2,2023,1,0,2,0,0,0,1,23,0
DE-FW-NF31,11,31,31,188,1,16,14,3,6,2,2023,1,0,1,0,0,0,1,25,0
DE-FW-NF31,11,31,31,188,1,16,12,7,10,3,2023,1,0,2,1,1,0,1,80,1
DE-FW-NF31,11,31,31,188,1,16,15,3,10,3,2023,1,0,3,0,0,0,1,45,1
DE-FW-NF31,11,31,31,188,1,16,37,7,11,3,2023,1,0,1,1,1,0,1,90,1
DE-FW-NF31,11,31,31,188,1,16,24,3,11,3,2023,1,0,2,1,1,0,1,45,0
DE-FW-NF31,11,31,31,188,1,16,2,7,3,1,2024,1,0,2,0,0,0,1,11,0
DE-FW-NF31,11,31,31,188,1,16,7,3,3,1,2024,1,0,1,0,0,0,1,18,1
BE-FW-RL31,9,31,31,192,2,57,3,6,9,3,2010,2,1,1,1,0,0,1,72,0
BE-FW-RL31,9,31,31,192,2,57,31,3,9,3,2010,2,1,2,1,0,0,1,75,0
BE-FW-RL31,9,31,31,192,2,57,138,6,10,3,2010,2,1,2,1,0,0,1,45,0
BE-FW-RL31,9,31,31,192,2,57,46,3,10,3,2010,2,1,1,0,0,0,1,18,0
BE-FW-RL31,9,31,31,192,2,41,112,6,9,3,2011,2,1,2,1,0,0,1,60,0
BE-FW-RL31,9,31,31,192,2,41,3,3,10,3,2011,2,1,2,0,0,0,1,45,0
BE-FW-RL31,9,31,31,192,2,21,82,6,9,3,2012,2,1,2,0,0,0,1,45,0
BE-FW-RL31,9,31,31,192,2,11,30,6,6,2,2013,2,1,1,0,0,0,1,8,0
BE-FW-RL31,9,31,31,192,2,11,16,6,10,3,2013,2,1,2,1,0,0,1,67,2
BE-FW-RL31,9,31,31,192,2,11,56,3,10,3,2013,2,1,1,1,0,0,1,90,0
BE-FW-RL31,9,31,31,192,2,4,28,4,3,1,2014,1,0,1,0,0,0,1,18,0
BE-FW-RL31,9,31,31,192,2,4,128,2,5,1,2014,1,0,1,1,0,0,1,60,3
BE-FW-RL31,9,31,31,192,2,4,44,1,6,2,2014,1,0,2,1,0,0,1,73,1
BE-FW-RL31,9,31,31,192,2,4,22,7,6,2,2014,1,0,1,0,0,0,1,28,0
BE-FW-RL31,9,31,31,192,2,4,18,3,6,2,2014,4,1,3,1,0,0,1,57,0
BE-FW-RL31,9,31,31,192,2,4,31,1,6,2,2014,4,1,3,1,0,0,1,56,0
BE-FW-RL31,9,31,31,192,2,4,27,3,7,2,2014,4,2,3,0,0,0,1,30,1
BE-FW-RL31,9,31,31,192,2,4,2,7,7,2,2014,4,3,3,0,0,0,1,32,0
BE-FW-RL31,9,31,31,192,2,4,201,6,10,3,2014,2,1,1,0,0,0,1,25,0
BE-FW-RL31,9,31,31,192,2,4,29,2,10,3,2014,2,1,2,1,1,0,1,56,0
BE-FW-RL31,9,31,31,192,2,4,33,4,11,3,2014,1,0,1,0,0,0,1,45,1
BE-FW-RL31,9,31,31,192,2,1,25,1,6,2,2015,1,0,2,0,0,0,1,32,0
BE-FW-RL31,9,31,31,192,2,1,17,6,6,2,2015,2,1,2,0,0,0,1,45,0
BE-FW-RL31,9,31,31,192,2,1,22,5,9,3,2015,2,1,1,1,1,0,1,81,0
BE-FW-RL31,9,31,31,192,2,1,69,3,10,3,2015,2,1,1,1,1,0,1,64,0
BE-FW-RL31,9,31,31,192,2,1,15,6,11,3,2015,1,0,1,1,1,0,1,62,0
BE-FW-RL31,9,31,31,192,2,5,8,3,3,1,2016,1,0,2,1,1,0,1,90,1
BE-FW-RL31,9,31,31,192,2,5,11,7,5,1,2016,1,0,2,1,1,0,1,57,1
BE-FW-RL31,9,31,31,192,2,5,94,4,6,2,2016,1,0,1,0,0,0,1,12,1
BE-FW-RL31,9,31,31,192,2,5,83,1,6,2,2016,1,0,1,1,1,0,1,90,1
BE-FW-RL31,9,31,31,192,2,5,16,2,6,2,2016,3,1,3,1,1,0,1,72,0
BE-FW-RL31,9,31,31,192,2,5,23,7,6,2,2016,3,1,3,1,1,0,1,82,2
BE-FW-RL31,9,31,31,192,2,5,41,4,6,2,2016,3,1,3,1,1,0,1,86,0
BE-FW-RL31,9,31,31,192,2,5,26,1,6,2,2016,3,2,3,1,1,0,1,75,0
BE-FW-RL31,9,31,31,192,2,5,12,6,7,2,2016,3,3,3,1,1,0,1,82,0
BE-FW-RL31,9,31,31,192,2,5,10,5,9,3,2016,1,0,1,0,0,0,1,24,0
BE-FW-RL31,9,31,31,192,2,5,115,3,9,3,2016,2,1,2,1,1,0,1,72,2
BE-FW-RL31,9,31,31,192,2,5,27,6,10,3,2016,2,1,1,1,1,0,1,81,1
BE-FW-RL31,9,31,31,192,2,5,22,4,11,3,2016,1,0,2,0,0,0,1,27,0
BE-FW-RL31,9,31,31,192,2,5,116,1,11,3,2016,2,1,1,1,1,0,1,90,2
BE-FW-RL31,9,31,31,192,2,5,47,7,3,1,2017,2,1,1,1,1,0,1,90,1
BE-FW-RL31,9,31,31,192,2,5,64,3,3,1,2017,1,0,2,0,0,0,1,14,0
BE-FW-RL31,9,31,31,192,2,5,48,2,6,2,2017,1,0,1,1,1,0,1,45,0
BE-FW-RL31,9,31,31,192,2,5,89,6,6,2,2017,2,1,2,1,1,0,1,90,0
BE-FW-RL31,9,31,31,192,2,5,206,5,8,2,2017,2,1,1,1,1,1,1,90,3
BE-FW-RL31,9,31,31,192,2,5,47,1,9,3,2017,2,1,2,1,1,0,1,90,1
BE-FW-RL31,9,31,31,192,2,5,91,3,10,3,2017,2,1,1,0,0,0,1,25,1
BE-FW-RL31,9,31,31,192,2,5,16,6,11,3,2017,1,0,1,1,1,0,1,87,2
BE-FW-RL31,9,31,31,192,2,5,57,3,11,3,2017,1,0,1,1,1,0,1,90,1
BE-FW-RL31,9,31,31,192,2,1,69,3,3,1,2018,1,0,1,1,1,0,1,78,2
BE-FW-RL31,9,31,31,192,2,1,6,7,6,2,2018,1,0,1,1,1,0,1,45,0
BE-FW-RL31,9,31,31,192,2,1,56,4,6,2,2018,1,0,1,1,1,0,1,45,1
BE-FW-RL31,9,31,31,192,2,1,36,2,6,2,2018,1,0,1,1,1,0,1,64,2
BE-FW-RL31,9,31,31,192,2,1,71,2,6,2,2018,4,1,3,1,1,0,1,90,2
BE-FW-RL31,9,31,31,192,2,1,26,7,6,2,2018,4,1,3,1,1,0,1,58,2
BE-FW-RL31,9,31,31,192,2,1,50,2,7,2,2018,4,2,3,1,1,0,1,90,0
BE-FW-RL31,9,31,31,192,2,1,3,6,7,2,2018,4,3,3,1,0,0,1,86,0
BE-FW-RL31,9,31,31,192,2,1,2,3,7,2,2018,4,4,3,1,1,0,1,90,0
BE-FW-RL31,9,31,31,192,2,1,5,7,7,2,2018,4,4,3,1,1,0,1,59,0
BE-FW-RL31,9,31,31,192,2,1,38,6,9,3,2018,1,0,2,1,1,0,1,45,1
BE-FW-RL31,9,31,31,192,2,1,37,3,9,3,2018,2,1,2,1,1,0,1,90,2
BE-FW-RL31,9,31,31,192,2,1,8,6,10,3,2018,2,1,1,1,1,0,1,90,2
BE-FW-RL31,9,31,31,192,2,1,14,3,10,3,2018,1,0,1,1,1,0,1,45,0
BE-FW-RL31,9,31,31,192,2,1,118,7,6,2,2019,2,1,1,1,1,0,1,71,1
BE-FW-RL31,9,31,31,192,2,1,50,3,6,2,2019,2,1,1,1,1,0,1,90,2
BE-FW-RL31,9,31,31,192,2,1,50,2,9,3,2019,2,1,2,1,1,0,1,90,1
BE-FW-RL31,9,31,31,192,2,1,209,5,10,3,2019,2,1,1,1,1,0,1,75,2
BE-FW-RL31,9,31,31,192,2,1,38,7,11,3,2019,2,1,2,1,1,0,1,76,1
BE-FW-RL31,9,31,31,192,2,1,12,7,9,3,2020,2,1,2,1,1,0,1,90,0
BE-FW-RL31,9,31,31,192,2,1,4,1,10,3,2020,2,1,2,1,1,1,1,90,1
BE-FW-RL31,9,31,31,192,2,1,46,4,10,3,2020,2,1,2,0,1,1,1,90,2
BE-FW-RL31,9,31,31,192,2,1,4,1,11,3,2020,2,1,1,1,1,0,1,90,0
BE-FW-RL31,9,31,31,192,2,1,12,4,11,3,2020,2,1,1,1,1,0,1,90,2
BE-FW-RL31,9,31,31,192,2,1,19,4,3,1,2021,2,1,1,1,1,1,1,90,1
BE-FW-RL31,9,31,31,192,2,1,32,7,3,1,2021,2,1,2,1,1,0,1,90,1
BE-FW-RL31,9,31,31,192,2,1,55,5,6,2,2021,1,0,1,0,1,0,1,45,0
BE-FW-RL31,9,31,31,192,2,1,15,1,6,2,2021,1,0,1,1,1,0,1,90,1
BE-FW-RL31,9,31,31,192,2,1,34,7,6,2,2021,3,1,3,1,1,0,1,90,2
BE-FW-RL31,9,31,31,192,2,1,9,5,6,2,2021,3,1,3,1,1,0,1,90,0
BE-FW-RL31,9,31,31,192,2,1,58,2,6,2,2021,3,1,3,1,1,0,1,83,1
BE-FW-RL31,9,31,31,192,2,1,8,1,6,2,2021,3,2,3,1,1,0,1,90,0
BE-FW-RL31,9,31,31,192,2,1,6,6,7,2,2021,3,3,1,1,1,1,1,90,1
BE-FW-RL31,9,31,31,192,2,1,107,5,9,3,2021,2,1,2,1,1,0,1,73,2
BE-FW-RL31,9,31,31,192,2,1,32,1,9,3,2021,2,1,1,1,1,0,1,80,1
BE-FW-RL31,9,31,31,192,2,1,3,5,10,3,2021,2,4,3,1,1,0,1,90,1
BE-FW-RL31,9,31,31,192,2,4,6,6,6,2,2022,2,1,1,1,1,0,1,25,0
BE-FW-RL31,9,31,31,192,2,4,11,1,11,3,2022,4,1,3,0,1,0,1,10,0
BE-FW-RL31,9,31,31,192,2,4,7,5,12,4,2022,4,1,3,0,1,0,1,45,0
BE-FW-RL31,9,31,31,192,2,4,26,6,3,1,2023,2,1,2,1,1,0,1,84,3
BE-FW-RL31,9,31,31,192,2,4,16,3,3,1,2023,1,0,2,1,1,0,1,67,1
BE-FW-RL31,9,31,31,192,2,4,24,7,6,2,2023,2,1,1,0,1,0,1,90,1
BE-FW-RL31,9,31,31,192,2,4,122,3,6,2,2023,2,1,2,0,1,0,1,68,2
BE-FW-RL31,9,31,31,192,2,4,114,7,9,3,2023,2,1,2,0,1,0,1,65,0
BE-FW-RL31,9,31,31,192,2,4,122,3,9,3,2023,2,1,1,0,1,0,1,60,2
BE-FW-RL31,9,31,31,192,2,4,24,6,10,3,2023,2,1,2,0,1,0,1,90,1
BE-FW-RL31,9,31,31,192,2,4,26,2,10,3,2023,2,1,1,0,1,1,1,90,1
BE-FW-RL31,9,31,31,192,2,4,114,1,11,3,2023,2,1,1,0,1,0,1,45,4
BE-FW-RL31,9,31,31,192,2,3,4,3,3,1,2024,1,0,2,0,1,0,1,82,0
ENG-FW-HK30,9,31,30,188,1,9,126,6,3,1,2015,2,1,1,0,0,0,1,19,1
ENG-FW-HK30,9,31,30,188,1,9,15,3,3,1,2015,1,0,2,1,1,0,1,90,0
ENG-FW-HK30,9,31,30,188,1,9,198,7,9,3,2015,2,1,2,0,0,0,1,32,1
ENG-FW-HK30,9,31,30,188,1,9,12,3,9,3,2015,2,1,1,0,0,0,1,34,1
ENG-FW-HK30,9,31,30,188,1,9,93,6,10,3,2015,2,1,1,1,1,0,1,90,0
ENG-FW-HK30,9,31,30,188,1,9,126,2,10,3,2015,2,1,2,1,1,0,1,58,0
ENG-FW-HK30,9,31,30,188,1,9,3,6,11,3,2015,1,0,2,1,1,0,1,90,0
ENG-FW-HK30,9,31,30,188,1,9,25,3,11,3,2015,1,0,1,1,1,0,1,79,0
ENG-FW-HK30,9,31,30,188,1,13,3,7,3,1,2016,1,0,2,1,1,0,1,90,1
ENG-FW-HK30,9,31,30,188,1,13,22,3,3,1,2016,1,0,1,0,0,0,1,21,0
ENG-FW-HK30,9,31,30,188,1,13,24,1,5,1,2016,1,0,1,1,1,0,1,90,1
ENG-FW-HK30,9,31,30,188,1,13,8,5,6,2,2016,1,0,1,1,1,0,1,77,0
ENG-FW-HK30,9,31,30,188,1,13,56,7,6,2,2016,3,1,3,1,1,0,1,90,0
ENG-FW-HK30,9,31,30,188,1,13,12,5,6,2,2016,3,1,3,1,1,0,1,45,0
ENG-FW-HK30,9,31,30,188,1,13,25,2,6,2,2016,3,1,3,0,0,0,1,15,0
ENG-FW-HK30,9,31,30,188,1,13,21,2,6,2,2016,3,2,3,1,1,0,1,90,0
ENG-FW-HK30,9,31,30,188,1,13,25,1,9,3,2016,2,1,2,1,1,0,1,81,0
ENG-FW-HK30,9,31,30,188,1,15,32,7,6,2,2017,2,1,2,0,1,0,1,90,1
ENG-FW-HK30,9,31,30,188,1,15,9,3,6,2,2017,1,0,2,0,1,1,1,90,2
ENG-FW-HK30,9,31,30,188,1,15,184,6,9,3,2017,2,1,2,1,1,0,1,90,2
ENG-FW-HK30,9,31,30,188,1,15,28,2,9,3,2017,2,1,1,1,1,0,1,90,0
ENG-FW-HK30,9,31,30,188,1,15,69,5,10,3,2017,2,1,1,0,1,0,1,90,1
ENG-FW-HK30,9,31,30,188,1,15,149,1,10,3,2017,2,1,2,0,1,1,1,90,1
ENG-FW-HK30,9,31,30,188,1,5,44,7,6,2,2018,1,0,1,0,1,0,1,72,1
ENG-FW-HK30,9,31,30,188,1,5,26,2,6,2,2018,4,1,3,0,1,0,1,90,2
ENG-FW-HK30,9,31,30,188,1,5,71,1,6,2,2018,4,1,3,0,1,2,1,62,3
ENG-FW-HK30,9,31,30,188,1,5,12,3,7,2,2018,4,2,3,0,1,1,1,120,1
ENG-FW-HK30,9,31,30,188,1,5,14,7,7,2,2018,4,3,3,0,1,0,1,90,0
ENG-FW-HK30,9,31,30,188,1,5,4,4,7,2,2018,4,4,3,0,1,0,1,120,0
ENG-FW-HK30,9,31,30,188,1,5,1,7,7,2,2018,4,4,3,0,1,0,1,90,0
ENG-FW-HK30,9,31,30,188,1,5,9,7,9,3,2018,2,1,1,0,1,0,1,90,0
ENG-FW-HK30,9,31,30,188,1,5,8,3,9,3,2018,1,0,1,0,0,0,1,30,0
ENG-FW-HK30,9,31,30,188,1,5,4,6,10,3,2018,2,1,2,0,1,0,1,90,0
ENG-FW-HK30,9,31,30,188,1,5,9,2,10,3,2018,2,1,2,0,1,0,1,90,0
ENG-FW-HK30,9,31,30,188,1,5,4,1,11,3,2018,2,1,1,0,1,0,1,90,1
ENG-FW-HK30,9,31,30,188,1,4,45,6,3,1,2019,2,1,1,0,1,1,1,90,1
ENG-FW-HK30,9,31,30,188,1,4,64,2,3,1,2019,2,1,2,0,1,0,1,82,1
ENG-FW-HK30,9,31,30,188,1,4,14,5,6,2,2019,2,4,3,0,0,0,1,75,0
ENG-FW-HK30,9,31,30,188,1,4,12,1,6,2,2019,2,4,3,0,1,0,1,74,0
ENG-FW-HK30,9,31,30,188,1,4,59,7,9,3,2019,2,1,1,0,1,2,1,76,3
ENG-FW-HK30,9,31,30,188,1,4,115,3,9,3,2019,2,1,1,0,1,0,1,90,1
ENG-FW-HK30,9,31,30,188,1,4,45,6,10,3,2019,2,1,2,0,1,1,1,90,1
ENG-FW-HK30,9,31,30,188,1,4,59,2,10,3,2019,2,1,2,0,1,0,1,90,1
ENG-FW-HK30,9,31,30,188,1,4,64,5,11,3,2019,2,1,1,0,1,0,1,56,3
ENG-FW-HK30,9,31,30,188,1,4,115,1,11,3,2019,2,1,2,0,1,0,1,90,1
ENG-FW-HK30,9,31,30,188,1,4,46,7,9,3,2020,2,1,2,0,1,0,1,77,0
ENG-FW-HK30,9,31,30,188,1,4,12,3,9,3,2020,2,1,2,0,1,0,1,90,0
ENG-FW-HK30,9,31,30,188,1,4,1,1,10,3,2020,2,1,1,0,0,0,1,26,0
ENG-FW-HK30,9,31,30,188,1,4,12,4,10,3,2020,2,1,1,0,1,0,1,90,0
ENG-FW-HK30,9,31,30,188,1,4,1,1,11,3,2020,2,1,2,0,1,0,1,90,0
ENG-FW-HK30,9,31,30,188,1,4,46,4,11,3,2020,2,1,1,0,1,0,1,75,0
ENG-FW-HK30,9,31,30,188,1,4,66,1,3,1,2021,2,1,2,0,1,0,1,90,1
ENG-FW-HK30,9,31,30,188,1,4,27,4,3,1,2021,2,1,1,0,1,1,1,88,1
ENG-FW-HK30,9,31,30,188,1,4,31,4,6,2,2021,1,0,1,0,1,0,1,60,0
ENG-FW-HK30,9,31,30,188,1,4,15,1,6,2,2021,3,1,3,0,1,0,1,81,0
ENG-FW-HK30,9,31,30,188,1,4,38,6,6,2,2021,3,1,3,0,1,0,1,73,0
ENG-FW-HK30,9,31,30,188,1,4,32,3,6,2,2021,3,1,3,0,1,0,1,90,0
ENG-FW-HK30,9,31,30,188,1,4,12,3,6,2,2021,3,2,3,0,1,0,1,90,1
ENG-FW-HK30,9,31,30,188,1,4,25,7,7,2,2021,3,3,2,0,1,0,1,72,2
ENG-FW-HK30,9,31,30,188,1,4,9,4,7,2,2021,3,4,1,0,1,0,1,120,1
ENG-FW-HK30,9,31,30,188,1,4,6,1,7,2,2021,3,5,3,0,1,0,1,120,0
ENG-FW-HK30,9,31,30,188,1,4,39,5,9,3,2021,2,1,2,0,1,0,1,90,1
ENG-FW-HK30,9,31,30,188,1,4,155,1,9,3,2021,2,1,1,0,0,1,1,29,1
ENG-FW-HK30,9,31,30,188,1,4,27,4,9,3,2021,2,1,2,0,1,0,1,90,1
ENG-FW-HK30,9,31,30,188,1,4,39,3,10,3,2021,2,1,1,0,1,0,1,75,0
ENG-FW-HK30,9,31,30,188,1,4,66,6,11,3,2021,2,1,1,0,1,0,1,62,3
ENG-FW-HK30,9,31,30,188,1,4,210,2,11,3,2021,2,1,2,0,1,2,1,61,4
ENG-FW-HK30,9,31,30,188,1,5,12,7,3,1,2022,1,0,3,0,1,1,1,88,1
ENG-FW-HK30,9,31,30,188,1,5,47,3,3,1,2022,1,0,3,0,0,0,1,29,0
ENG-FW-HK30,9,31,30,188,1,5,36,7,6,2,2022,2,1,2,0,1,0,1,90,0
ENG-FW-HK30,9,31,30,188,1,5,14,3,6,2,2022,2,1,2,0,1,0,1,90,1
ENG-FW-HK30,9,31,30,188,1,5,8,7,6,2,2022,2,1,1,0,0,0,1,26,0
ENG-FW-HK30,9,31,30,188,1,5,36,3,6,2,2022,2,1,1,0,1,0,1,90,0
ENG-FW-HK30,9,31,30,188,1,5,8,6,9,3,2022,2,1,2,0,1,0,1,90,0
ENG-FW-HK30,9,31,30,188,1,5,14,2,9,3,2022,2,1,1,0,1,1,1,90,1
ENG-FW-HK30,9,31,30,188,1,5,24,2,11,3,2022,4,1,3,0,1,0,1,75,0
ENG-FW-HK30,9,31,30,188,1,5,13,6,11,3,2022,4,1,3,0,1,0,1,90,0
ENG-FW-HK30,9,31,30,188,1,5,28,3,11,3,2022,4,1,3,0,1,0,1,57,0
ENG-FW-HK30,9,31,30,188,1,5,19,1,12,4,2022,4,2,3,0,1,0,1,90,1
ENG-FW-HK30,9,31,30,188,1,5,3,7,12,4,2022,4,3,3,0,1,1,1,90,1
ENG-FW-HK30,9,31,30,188,1,3,9,5,3,1,2023,2,1,2,0,1,1,1,90,1
ENG-FW-HK30,9,31,30,188,1,3,22,1,3,1,2023,2,1,1,0,1,0,1,80,1
ENG-FW-HK30,9,31,30,188,1,3,172,6,6,2,2023,2,1,2,0,1,1,1,59,1
ENG-FW-HK30,9,31,30,188,1,3,65,2,6,2,2023,2,1,1,0,1,1,1,73,2
ENG-FW-HK30,9,31,30,188,1,3,22,7,9,3,2023,2,1,2,0,1,0,1,90,0
ENG-FW-HK30,9,31,30,188,1,3,36,3,9,3,2023,1,0,2,0,1,0,1,83,1
ENG-FW-HK30,9,31,30,188,1,3,9,3,10,3,2023,2,1,1,0,1,1,1,90,2
ENG-FW-HK30,9,31,30,188,1,3,172,6,11,3,2023,2,1,1,0,1,0,1,90,1
ENG-FW-HK30,9,31,30,188,1,3,65,2,11,3,2023,2,1,2,0,0,0,1,33,0
HR-FW-AR30,7,31,30,185,1,16,49,6,11,3,2013,2,2,2,0,0,0,1,19,0
HR-FW-AR30,7,31,30,185,1,16,49,3,11,3,2013,2,2,1,0,0,0,1,17,0
HR-FW-AR30,7,31,30,185,1,19,50,7,5,1,2014,1,0,1,0,0,0,1,24,0
HR-FW-AR30,7,31,30,185,1,19,100,6,6,2,2014,1,0,1,0,0,0,1,24,0
HR-FW-AR30,7,31,30,185,1,19,6,5,6,2,2014,4,1,3,0,0,0,1,13,0
HR-FW-AR30,7,31,30,185,1,19,42,4,6,2,2014,4,1,3,0,0,0,1,13,0
HR-FW-AR30,7,31,30,185,1,19,20,2,6,2,2014,4,1,3,0,0,0,1,20,0
HR-FW-AR30,7,31,30,185,1,18,205,1,6,2,2015,1,0,1,0,0,0,1,45,0
HR-FW-AR30,7,31,30,185,1,18,15,6,6,2,2015,2,1,1,0,0,0,1,45,0
HR-FW-AR30,7,31,30,185,1,17,47,5,11,3,2017,2,2,1,0,0,0,1,15,0
HR-FW-AR30,7,31,30,185,1,17,47,1,11,3,2017,2,2,2,0,0,0,1,5,0
HR-FW-AR30,7,31,30,185,1,4,20,6,3,1,2018,1,0,2,0,0,0,1,14,0
HR-FW-AR30,7,31,30,185,1,4,17,3,3,1,2018,1,0,2,1,0,0,1,71,0
HR-FW-AR30,7,31,30,185,1,4,3,1,6,2,2018,1,0,2,1,0,0,1,63,0
HR-FW-AR30,7,31,30,185,1,4,23,6,6,2,2018,1,0,1,1,0,0,1,60,0
HR-FW-AR30,7,31,30,185,1,4,44,7,6,2,2018,4,1,3,1,0,0,1,77,0
HR-FW-AR30,7,31,30,185,1,4,11,5,6,2,2018,4,1,3,1,0,0,1,56,1
HR-FW-AR30,7,31,30,185,1,4,10,1,7,2,2018,4,2,3,1,0,0,1,120,0
HR-FW-AR30,7,31,30,185,1,4,48,7,7,2,2018,4,3,3,1,0,0,1,120,0
HR-FW-AR30,7,31,30,185,1,4,5,4,7,2,2018,4,4,3,1,0,0,1,100,0
HR-FW-AR30,7,31,30,185,1,4,2,1,7,2,2018,4,5,3,1,0,0,1,70,0
HR-FW-AR30,7,31,30,185,1,4,5,6,10,3,2018,2,1,1,1,1,0,1,79,0
HR-FW-AR30,7,31,30,185,1,4,109,2,10,3,2018,1,0,1,1,1,0,1,63,0
HR-FW-AR30,7,31,30,185,1,4,9,5,11,3,2018,2,1,1,1,0,0,1,72,0
HR-FW-AR30,7,31,30,185,1,4,5,1,11,3,2018,2,1,2,1,0,0,1,45,0
HR-FW-AR30,7,31,30,185,1,6,114,5,3,1,2019,2,1,1,0,0,0,1,22,0
HR-FW-AR30,7,31,30,185,1,6,52,1,3,1,2019,2,1,2,1,0,0,1,66,1
HR-FW-AR30,7,31,30,185,1,6,32,6,9,3,2019,2,1,2,1,0,0,1,69,0
HR-FW-AR30,7,31,30,185,1,6,114,2,9,3,2019,2,1,2,1,0,0,1,85,0
HR-FW-AR30,7,31,30,185,1,6,52,5,10,3,2019,2,1,1,1,1,0,1,90,0
HR-FW-AR30,7,31,30,185,1,6,22,1,10,3,2019,2,1,2,0,0,0,1,27,0
HR-FW-AR30,7,31,30,185,1,6,32,7,11,3,2019,2,1,1,1,0,0,1,53,0
HR-FW-AR30,7,31,30,185,1,6,91,3,11,3,2019,1,0,1,1,0,0,1,90,0
HR-FW-AR30,7,31,30,185,1,11,5,7,9,3,2020,2,1,2,1,0,0,1,90,0
HR-FW-AR30,7,31,30,185,1,11,2,3,9,3,2020,2,1,2,1,1,0,1,45,0
HR-FW-AR30,7,31,30,185,1,15,92,3,6,2,2021,1,0,1,0,0,0,1,45,0
HR-FW-AR30,7,31,30,185,1,15,1,1,6,2,2021,1,0,2,1,1,0,1,61,0
HR-FW-AR30,7,31,30,185,1,15,4,1,6,2,2021,3,1,3,1,1,0,1,77,0
HR-FW-AR30,7,31,30,185,1,15,32,6,6,2,2021,3,1,3,1,1,0,1,45,0
HR-FW-AR30,7,31,30,185,1,15,38,3,6,2,2021,3,1,3,0,0,0,1,10,0
HR-FW-AR30,7,31,30,185,1,15,7,2,6,2,2021,3,2,3,1,0,0,1,66,0
CZ-FW-PS28,10,28,28,186,2,43,183,6,5,1,2016,1,0,1,0,0,0,1,25,1
CZ-FW-PS28,10,28,28,186,2,43,90,3,10,3,2016,2,1,1,1,1,0,1,65,0
CZ-FW-PS28,10,28,28,186,2,43,83,6,11,3,2016,2,1,1,0,0,0,1,10,0
CZ-FW-PS28,10,28,28,186,2,48,5,2,6,2,2017,1,0,2,1,1,0,1,63,0
CZ-FW-PS28,10,28,28,186,2,48,59,7,6,2,2017,2,1,2,0,0,0,1,28,0
CZ-FW-PS28,10,28,28,186,2,42,41,6,6,2,2018,1,0,2,1,1,0,1,74,0
CZ-FW-PS28,10,28,28,186,2,42,44,4,6,2,2018,1,0,2,1,1,0,1,68,0
CZ-FW-PS28,10,28,28,186,2,42,28,5,9,3,2018,2,1,1,1,1,0,1,82,1
CZ-FW-PS28,10,28,28,186,2,42,27,7,10,3,2018,2,1,2,0,0,0,1,18,1
CZ-FW-PS28,10,28,28,186,2,42,28,3,10,3,2018,2,1,2,1,1,0,1,71,0
CZ-FW-PS28,10,28,28,186,2,42,20,5,11,3,2018,1,0,2,1,1,0,1,76,0
CZ-FW-PS28,10,28,28,186,2,42,27,2,11,3,2018,2,1,1,1,1,0,1,81,1
CZ-FW-PS28,10,28,28,186,2,45,4,6,3,1,2019,2,1,2,1,1,0,1,81,0
CZ-FW-PS28,10,28,28,186,2,45,3,3,3,1,2019,1,0,1,1,1,0,1,52,0
CZ-FW-PS28,10,28,28,186,2,45,59,6,6,2,2019,2,1,1,1,1,0,1,77,2
CZ-FW-PS28,10,28,28,186,2,45,64,2,6,2,2019,2,1,1,1,1,1,1,87,1
CZ-FW-PS28,10,28,28,186,2,45,115,7,9,3,2019,2,1,2,1,1,0,1,60,1
CZ-FW-PS28,10,28,28,186,2,45,64,3,9,3,2019,2,1,2,1,1,0,1,89,0
CZ-FW-PS28,10,28,28,186,2,45,4,6,10,3,2019,2,1,1,1,1,0,1,64,0
CZ-FW-PS28,10,28,28,186,2,45,36,2,10,3,2019,1,0,1,0,0,0,1,26,0
CZ-FW-PS28,10,28,28,186,2,32,107,4,3,1,2021,2,1,2,1,1,0,1,78,1
CZ-FW-PS28,10,28,28,186,2,32,19,3,3,1,2021,2,1,2,1,1,0,1,48,0
CZ-FW-PS28,10,28,28,186,2,32,6,6,6,2,2021,1,0,2,0,0,0,1,45,0
CZ-FW-PS28,10,28,28,186,2,32,66,3,6,2,2021,1,0,1,1,1,0,1,63,1
CZ-FW-PS28,10,28,28,186,2,32,38,2,6,2,2021,3,1,3,1,1,0,1,86,2
CZ-FW-PS28,10,28,28,186,2,32,15,6,6,2,2021,3,1,3,1,1,1,1,73,1
CZ-FW-PS28,10,28,28,186,2,32,4,3,6,2,2021,3,1,3,1,1,0,1,74,0
CZ-FW-PS28,10,28,28,186,2,32,10,1,6,2,2021,3,2,3,1,1,0,1,89,1
CZ-FW-PS28,10,28,28,186,2,32,9,7,7,2,2021,3,3,1,1,1,0,1,78,1
CZ-FW-PS28,10,28,28,186,2,32,19,6,10,3,2021,2,1,1,0,1,0,1,90,0
CZ-FW-PS28,10,28,28,186,2,32,94,2,10,3,2021,2,1,2,1,1,0,1,89,1
CZ-FW-PS28,10,28,28,186,2,38,9,7,9,3,2022,2,1,1,1,1,0,1,90,0
CZ-FW-PS28,10,28,28,186,2,38,12,3,9,3,2022,2,1,2,1,1,0,1,90,1
CZ-FW-PS28,10,28,28,186,2,36,47,6,3,1,2024,1,0,2,1,1,0,1,86,0
CZ-FW-PS28,10,28,28,186,2,36,95,3,3,1,2024,1,0,1,1,1,0,1,72,0
HU-FW-RS27,20,27,27,183,1,26,34,6,5,1,2016,1,0,1,0,0,0,1,12,0
HU-FW-RS27,20,27,27,183,1,53,64,2,6,2,2017,1,0,1,0,0,0,1,45,0
HU-FW-RS27,20,27,27,183,1,53,138,6,6,2,2017,2,1,2,0,0,0,1,20,0
HU-FW-RS27,20,27,27,183,1,53,8,7,10,3,2017,2,1,2,0,0,0,1,22,0
HU-FW-RS27,20,27,27,183,1,53,95,3,10,3,2017,2,1,1,0,0,0,1,2,0
HU-FW-RS27,20,27,27,183,1,53,83,5,11,3,2017,1,0,2,0,0,0,1,28,0
HU-FW-RS27,20,27,27,183,1,51,76,4,6,2,2018,1,0,2,0,0,0,1,26,0
HU-FW-RS27,20,27,27,183,1,51,41,7,6,2,2018,1,0,1,1,0,0,1,83,0
HU-FW-RS27,20,27,27,183,1,51,58,7,9,3,2018,2,1,2,1,0,0,1,71,0
HU-FW-RS27,20,27,27,183,1,51,43,3,9,3,2018,2,1,1,1,1,0,1,90,1
HU-FW-RS27,20,27,27,183,1,51,43,6,10,3,2018,2,1,2,1,1,0,1,90,0
HU-FW-RS27,20,27,27,183,1,51,96,2,10,3,2018,2,1,2,1,1,0,1,90,0
HU-FW-RS27,20,27,27,183,1,52,32,2,9,3,2019,2,1,1,1,0,0,1,90,0
HU-FW-RS27,20,27,27,183,1,52,6,5,10,3,2019,2,1,2,1,0,0,1,75,0
HU-FW-RS27,20,27,27,183,1,52,114,1,10,3,2019,2,1,1,1,0,0,1,90,0
HU-FW-RS27,20,27,27,183,1,52,22,3,11,3,2019,2,1,2,1,0,0,1,82,0
HU-FW-RS27,20,27,27,183,1,40,32,5,9,3,2020,2,1,2,1,0,0,1,80,0
HU-FW-RS27,20,27,27,183,1,40,39,1,9,3,2020,2,1,1,1,1,0,1,90,1
HU-FW-RS27,20,27,27,183,1,40,68,5,10,3,2020,2,4,2,1,0,0,1,90,0
HU-FW-RS27,20,27,27,183,1,40,46,5,11,3,2020,2,5,1,1,1,0,1,90,0
HU-FW-RS27,20,27,27,183,1,39,27,5,3,1,2021,2,1,1,1,1,0,1,71,1
HU-FW-RS27,20,27,27,183,1,39,210,1,3,1,2021,2,1,2,1,1,0,1,90,1
HU-FW-RS27,20,27,27,183,1,39,8,3,6,2,2021,3,1,3,1,1,0,1,76,0
HU-FW-RS27,20,27,27,183,1,39,3,7,6,2,2021,3,1,3,1,0,0,1,90,0
HU-FW-RS27,20,27,27,183,1,39,12,4,6,2,2021,3,1,3,1,1,0,1,74,0
HU-FW-RS27,20,27,27,183,1,39,4,5,9,3,2021,2,1,1,1,0,0,1,65,0
HU-FW-RS27,20,27,27,183,1,39,66,1,9,3,2021,2,1,2,1,1,0,1,87,0
HU-FW-RS27,20,27,27,183,1,39,155,4,9,3,2021,2,1,1,1,1,0,1,45,0
HU-FW-RS27,20,27,27,183,1,39,66,7,10,3,2021,2,1,1,1,0,0,1,70,0
HU-FW-RS27,20,27,27,183,1,39,4,3,10,3,2021,2,1,2,1,1,1,1,78,1
HU-FW-RS27,20,27,27,183,1,36,29,5,3,1,2022,1,0,3,1,1,0,1,79,0
HU-FW-RS27,20,27,27,183,1,36,59,3,3,1,2022,1,0,3,1,0,0,1,71,1
HU-FW-RS27,20,27,27,183,1,36,5,7,6,2,2022,2,1,1,1,0,0,1,70,0
HU-FW-RS27,20,27,27,183,1,36,8,3,6,2,2022,2,1,2,1,0,0,1,90,0
HU-FW-RS27,20,27,27,183,1,36,14,7,6,2,2022,2,1,1,1,0,0,1,74,0
HU-FW-RS27,20,27,27,183,1,36,5,3,6,2,2022,2,1,2,1,0,0,1,77,2
HU-FW-RS27,20,27,27,183,1,36,92,5,11,3,2022,1,0,3,0,0,0,1,33,0
HU-FW-RS27,20,27,27,183,1,36,51,1,11,3,2022,1,0,3,1,1,0,1,71,1
HU-FW-RS27,20,27,27,183,1,27,122,5,3,1,2023,1,0,1,1,0,0,1,75,0
HU-FW-RS27,20,27,27,183,1,27,81,2,3,1,2023,2,1,1,1,0,0,1,72,0
HU-FW-RS27,20,27,27,183,1,27,70,7,6,2,2023,2,1,2,1,0,0,1,58,0
HU-FW-RS27,20,27,27,183,1,27,138,3,6,2,2023,2,1,1,1,0,0,1,87,1
HU-FW-RS27,20,27,27,183,1,27,34,5,9,3,2023,2,1,2,1,0,0,1,89,0
HU-FW-RS27,20,27,27,183,1,27,39,1,9,3,2023,1,0,1,1,0,0,1,83,1
HU-FW-RS27,20,27,27,183,1,27,34,7,10,3,2023,2,1,1,1,0,0,1,74,1
HU-FW-RS27,20,27,27,183,1,27,138,3,10,3,2023,2,1,2,1,0,0,1,89,0
HU-FW-RS27,20,27,27,183,1,26,40,6,3,1,2024,1,0,1,1,1,0,1,79,0
DK-FW-RH21,11,21,21,192,1,18,7,5,9,3,2022,2,1,2,0,0,0,1,31,0
DK-FW-RH21,11,21,21,192,1,19,100,1,3,1,2023,2,1,2,1,1,0,1,90,2
DK-FW-RH21,11,21,21,192,1,19,54,2,6,2,2023,2,1,2,1,1,0,1,70,1
DK-FW-RH21,11,21,21,192,1,19,59,1,9,3,2023,2,1,2,0,0,0,1,45,0
DK-FW-RH21,11,21,21,192,1,19,210,3,10,3,2023,2,1,2,1,1,0,1,89,1
DK-FW-RH21,11,21,21,192,1,21,19,7,3,1,2024,1,0,1,1,1,0,1,83,0
UA-FW-AD26,9,27,26,184,1,25,119,4,3,1,2021,2,1,1,0,0,0,1,10,0
UA-FW-AD26,9,27,26,184,1,25,91,1,5,1,2021,1,0,1,0,0,0,1,45,0
UA-FW-AD26,9,27,26,184,1,25,18,3,6,2,2021,3,2,3,0,1,0,1,15,1
UA-FW-AD26,9,27,26,184,1,25,58,7,10,3,2021,2,1,2,0,0,0,1,5,0
UA-FW-AD26,9,27,26,184,1,25,71,5,11,3,2021,1,0,1,1,1,0,1,45,0
UA-FW-AD26,9,27,26,184,1,25,61,3,11,3,2021,2,1,2,0,0,0,1,16,1
UA-FW-AD26,9,27,26,184,1,26,42,4,6,2,2022,2,4,2,0,0,0,1,13,1
UA-FW-AD26,9,27,26,184,1,26,28,1,6,2,2022,2,5,2,0,0,0,1,14,0
UA-FW-AD26,9,27,26,184,1,26,48,4,6,2,2022,2,1,2,1,1,0,1,79,0
UA-FW-AD26,9,27,26,184,1,26,95,7,6,2,2022,2,1,1,0,0,0,1,21,0
UA-FW-AD26,9,27,26,184,1,26,48,3,6,2,2022,2,1,1,1,1,0,1,72,1
UA-FW-AD26,9,27,26,184,1,26,42,4,9,3,2022,2,1,2,1,1,0,1,66,0
UA-FW-AD26,9,27,26,184,1,26,95,7,9,3,2022,2,1,2,0,0,0,1,24,2
UA-FW-AD26,9,27,26,184,1,26,42,3,9,3,2022,2,1,1,1,1,0,1,74,0
UA-FW-AD26,9,27,26,184,1,22,3,1,3,1,2023,2,1,2,0,0,0,1,17,0
UA-FW-AD26,9,27,26,184,1,22,16,2,6,2,2023,1,0,2,1,1,0,1,63,0
UA-FW-AD26,9,27,26,184,1,22,65,6,6,2,2023,2,1,2,1,1,0,1,45,0
UA-FW-AD26,9,27,26,184,1,22,172,2,6,2,2023,2,1,1,0,0,0,1,28,0
UA-FW-AD26,9,27,26,184,1,22,3,7,9,3,2023,2,1,1,0,0,0,1,26,0
UA-FW-AD26,9,27,26,184,1,22,9,3,9,3,2023,2,1,2,1,1,0,1,57,0
UA-FW-AD26,9,27,26,184,1,22,65,7,10,3,2023,2,1,1,1,1,0,1,75,0
UA-FW-AD26,9,27,26,184,1,22,172,3,10,3,2023,2,1,2,1,1,1,1,90,1
UA-FW-AD26,9,27,26,184,1,22,9,2,11,3,2023,2,1,1,1,1,0,1,90,0
UA-FW-AD26,9,27,26,184,1,22,74,5,3,1,2024,2,4,2,1,1,0,1,89,1
UA-FW-AD26,9,27,26,184,1,22,72,3,3,1,2024,2,5,1,0,0,0,1,19,0
